-- phpMyAdmin SQL Dump
-- version 4.9.0.1
-- https://www.phpmyadmin.net/
--
-- Host: 127.0.0.1
-- Czas generowania: 12 Cze 2021, 10:32
-- Wersja serwera: 10.4.6-MariaDB
-- Wersja PHP: 7.3.9

SET SQL_MODE = "NO_AUTO_VALUE_ON_ZERO";
SET AUTOCOMMIT = 0;
START TRANSACTION;
SET time_zone = "+00:00";


/*!40101 SET @OLD_CHARACTER_SET_CLIENT=@@CHARACTER_SET_CLIENT */;
/*!40101 SET @OLD_CHARACTER_SET_RESULTS=@@CHARACTER_SET_RESULTS */;
/*!40101 SET @OLD_COLLATION_CONNECTION=@@COLLATION_CONNECTION */;
/*!40101 SET NAMES utf8mb4 */;

--
-- Baza danych: `bdproj_full`
--

-- --------------------------------------------------------

--
-- Struktura tabeli dla tabeli `cinema_rooms`
--

CREATE TABLE `cinema_rooms` (
  `id` int(11) NOT NULL,
  `department_id` int(11) NOT NULL,
  `room_number` int(11) NOT NULL,
  `total_seats` int(11) NOT NULL
) ENGINE=InnoDB DEFAULT CHARSET=utf8 COLLATE=utf8_unicode_ci;

--
-- Zrzut danych tabeli `cinema_rooms`
--

INSERT INTO `cinema_rooms` (`id`, `department_id`, `room_number`, `total_seats`) VALUES
(1, 1, 1, 100),
(2, 1, 2, 100),
(3, 1, 3, 150),
(4, 1, 4, 200),
(5, 2, 1, 100),
(6, 2, 2, 100),
(7, 2, 3, 125),
(8, 2, 4, 150),
(9, 3, 1, 50),
(10, 3, 2, 75),
(11, 3, 3, 100),
(12, 4, 1, 100),
(13, 4, 2, 125),
(14, 4, 3, 125),
(15, 4, 4, 150),
(16, 5, 1, 100),
(17, 5, 2, 100),
(18, 5, 3, 200),
(19, 5, 4, 200),
(20, 6, 1, 100),
(21, 6, 2, 100),
(22, 6, 3, 100),
(23, 7, 1, 100),
(24, 7, 2, 125),
(25, 7, 3, 125),
(26, 8, 1, 75),
(27, 8, 2, 100),
(28, 8, 3, 125),
(29, 8, 4, 150),
(30, 9, 1, 100),
(31, 9, 2, 125),
(32, 9, 3, 125),
(33, 10, 1, 50),
(34, 10, 2, 75);

-- --------------------------------------------------------

--
-- Struktura tabeli dla tabeli `clients`
--

CREATE TABLE `clients` (
  `id` int(11) NOT NULL,
  `name` varchar(30) COLLATE utf8_unicode_ci NOT NULL,
  `surname` varchar(40) COLLATE utf8_unicode_ci NOT NULL,
  `phone` varchar(12) COLLATE utf8_unicode_ci NOT NULL,
  `email` varchar(40) COLLATE utf8_unicode_ci NOT NULL
) ENGINE=InnoDB DEFAULT CHARSET=utf8 COLLATE=utf8_unicode_ci;

--
-- Zrzut danych tabeli `clients`
--

INSERT INTO `clients` (`id`, `name`, `surname`, `phone`, `email`) VALUES
(1, 'Jan', 'Krawczyk', '+48280636950', 'jkrawczyk73@example.com'),
(2, 'Jan', 'Nowak', '+48514134984', 'jnowak73@example.com'),
(3, 'Jan', 'Szczepaniak', '+48834650757', 'jszczepaniak72@example.com'),
(4, 'Jan', 'Stefaniak', '+48342413950', 'jstefaniak93@example.com'),
(5, 'Jan', 'Białek', '+48144770155', 'jbiałek88@example.com'),
(6, 'Jan', 'Chlebek', '+48931217388', 'jchlebek95@example.com'),
(7, 'Jan', 'Ignatowicz', '+48488813992', 'jignatowicz96@example.com'),
(8, 'Jan', 'Damboń', '+48507791607', 'jdamboń79@example.com'),
(9, 'Jan', 'Baran', '+48580737934', 'jbaran80@example.com'),
(10, 'Jan', 'Dziuba', '+48582854298', 'jdziuba100@example.com'),
(11, 'Tomasz', 'Krawczyk', '+48381811988', 'tkrawczyk86@example.com'),
(12, 'Tomasz', 'Nowak', '+48324340666', 'tnowak93@example.com'),
(13, 'Tomasz', 'Szczepaniak', '+48719795056', 'tszczepaniak88@example.com'),
(14, 'Tomasz', 'Stefaniak', '+48532717146', 'tstefaniak90@example.com'),
(15, 'Tomasz', 'Białek', '+48413105121', 'tbiałek93@example.com'),
(16, 'Tomasz', 'Chlebek', '+48445535443', 'tchlebek72@example.com'),
(17, 'Tomasz', 'Ignatowicz', '+48503944241', 'tignatowicz94@example.com'),
(18, 'Tomasz', 'Damboń', '+48941682155', 'tdamboń82@example.com'),
(19, 'Tomasz', 'Baran', '+48759950568', 'tbaran77@example.com'),
(20, 'Tomasz', 'Dziuba', '+48184783768', 'tdziuba81@example.com'),
(21, 'Marta', 'Krawczyk', '+48114505497', 'mkrawczyk92@example.com'),
(22, 'Marta', 'Nowak', '+48407427267', 'mnowak71@example.com'),
(23, 'Marta', 'Szczepaniak', '+48877341349', 'mszczepaniak70@example.com'),
(24, 'Marta', 'Stefaniak', '+48389026358', 'mstefaniak70@example.com'),
(25, 'Marta', 'Białek', '+48051090831', 'mbiałek90@example.com'),
(26, 'Marta', 'Chlebek', '+48739720811', 'mchlebek73@example.com'),
(27, 'Marta', 'Ignatowicz', '+48188627748', 'mignatowicz78@example.com'),
(28, 'Marta', 'Damboń', '+48912324846', 'mdamboń89@example.com'),
(29, 'Marta', 'Baran', '+48913163974', 'mbaran81@example.com'),
(30, 'Marta', 'Dziuba', '+48759990167', 'mdziuba97@example.com'),
(31, 'Łukasz', 'Krawczyk', '+48390375545', 'łkrawczyk77@example.com'),
(32, 'Łukasz', 'Nowak', '+48579811618', 'łnowak92@example.com'),
(33, 'Łukasz', 'Szczepaniak', '+48609693969', 'łszczepaniak75@example.com'),
(34, 'Łukasz', 'Stefaniak', '+48992983235', 'łstefaniak82@example.com'),
(35, 'Łukasz', 'Białek', '+48623035073', 'łbiałek74@example.com'),
(36, 'Łukasz', 'Chlebek', '+48602345888', 'łchlebek82@example.com'),
(37, 'Łukasz', 'Ignatowicz', '+48600643828', 'łignatowicz73@example.com'),
(38, 'Łukasz', 'Damboń', '+48314799108', 'łdamboń82@example.com'),
(39, 'Łukasz', 'Baran', '+48635807274', 'łbaran100@example.com'),
(40, 'Łukasz', 'Dziuba', '+48102998076', 'łdziuba83@example.com'),
(41, 'Kamil', 'Krawczyk', '+48829295215', 'kkrawczyk82@example.com'),
(42, 'Kamil', 'Nowak', '+48588390943', 'knowak74@example.com'),
(43, 'Kamil', 'Szczepaniak', '+48371502093', 'kszczepaniak92@example.com'),
(44, 'Kamil', 'Stefaniak', '+48989227529', 'kstefaniak96@example.com'),
(45, 'Kamil', 'Białek', '+48666497009', 'kbiałek97@example.com'),
(46, 'Kamil', 'Chlebek', '+48382125028', 'kchlebek74@example.com'),
(47, 'Kamil', 'Ignatowicz', '+48853491887', 'kignatowicz79@example.com'),
(48, 'Kamil', 'Damboń', '+48883972514', 'kdamboń88@example.com'),
(49, 'Kamil', 'Baran', '+48384424313', 'kbaran82@example.com'),
(50, 'Kamil', 'Dziuba', '+48187927222', 'kdziuba90@example.com'),
(51, 'Karolina', 'Krawczyk', '+48138592633', 'kkrawczyk86@example.com'),
(52, 'Karolina', 'Nowak', '+48830629502', 'knowak87@example.com'),
(53, 'Karolina', 'Szczepaniak', '+48853900252', 'kszczepaniak74@example.com'),
(54, 'Karolina', 'Stefaniak', '+48745227522', 'kstefaniak84@example.com'),
(55, 'Karolina', 'Białek', '+48944001658', 'kbiałek87@example.com'),
(56, 'Karolina', 'Chlebek', '+48959215889', 'kchlebek89@example.com'),
(57, 'Karolina', 'Ignatowicz', '+48876899777', 'kignatowicz92@example.com'),
(58, 'Karolina', 'Damboń', '+48442686039', 'kdamboń91@example.com'),
(59, 'Karolina', 'Baran', '+48247249303', 'kbaran100@example.com'),
(60, 'Karolina', 'Dziuba', '+48104921733', 'kdziuba73@example.com'),
(61, 'Grzegorz', 'Krawczyk', '+48113088607', 'gkrawczyk87@example.com'),
(62, 'Grzegorz', 'Nowak', '+48503991468', 'gnowak99@example.com'),
(63, 'Grzegorz', 'Szczepaniak', '+48430998325', 'gszczepaniak84@example.com'),
(64, 'Grzegorz', 'Stefaniak', '+48527255533', 'gstefaniak88@example.com'),
(65, 'Grzegorz', 'Białek', '+48318097688', 'gbiałek98@example.com'),
(66, 'Grzegorz', 'Chlebek', '+48560211311', 'gchlebek92@example.com'),
(67, 'Grzegorz', 'Ignatowicz', '+48883324250', 'gignatowicz88@example.com'),
(68, 'Grzegorz', 'Damboń', '+48687114943', 'gdamboń87@example.com'),
(69, 'Grzegorz', 'Baran', '+48801333182', 'gbaran79@example.com'),
(70, 'Grzegorz', 'Dziuba', '+48549416853', 'gdziuba97@example.com'),
(71, 'Damian', 'Krawczyk', '+48279346966', 'dkrawczyk73@example.com'),
(72, 'Damian', 'Nowak', '+48925211997', 'dnowak74@example.com'),
(73, 'Damian', 'Szczepaniak', '+48549469122', 'dszczepaniak72@example.com'),
(74, 'Damian', 'Stefaniak', '+48244213465', 'dstefaniak96@example.com'),
(75, 'Damian', 'Białek', '+48550553856', 'dbiałek83@example.com'),
(76, 'Damian', 'Chlebek', '+48622011586', 'dchlebek79@example.com'),
(77, 'Damian', 'Ignatowicz', '+48482135689', 'dignatowicz95@example.com'),
(78, 'Damian', 'Damboń', '+48682108540', 'ddamboń84@example.com'),
(79, 'Damian', 'Baran', '+48501757162', 'dbaran74@example.com'),
(80, 'Damian', 'Dziuba', '+48013334576', 'ddziuba81@example.com'),
(81, 'Daria', 'Krawczyk', '+48192619734', 'dkrawczyk75@example.com'),
(82, 'Daria', 'Nowak', '+48844911513', 'dnowak86@example.com'),
(83, 'Daria', 'Szczepaniak', '+48809121076', 'dszczepaniak77@example.com'),
(84, 'Daria', 'Stefaniak', '+48658447013', 'dstefaniak99@example.com'),
(85, 'Daria', 'Białek', '+48881671503', 'dbiałek86@example.com'),
(86, 'Daria', 'Chlebek', '+48143233437', 'dchlebek91@example.com'),
(87, 'Daria', 'Ignatowicz', '+48632703363', 'dignatowicz82@example.com'),
(88, 'Daria', 'Damboń', '+48969265163', 'ddamboń85@example.com'),
(89, 'Daria', 'Baran', '+48798984534', 'dbaran74@example.com'),
(90, 'Daria', 'Dziuba', '+48296668746', 'ddziuba88@example.com'),
(91, 'Aleksandra', 'Krawczyk', '+48208726368', 'akrawczyk84@example.com'),
(92, 'Aleksandra', 'Nowak', '+48148302572', 'anowak90@example.com'),
(93, 'Aleksandra', 'Szczepaniak', '+48888832147', 'aszczepaniak79@example.com'),
(94, 'Aleksandra', 'Stefaniak', '+48083909295', 'astefaniak71@example.com'),
(95, 'Aleksandra', 'Białek', '+48987960820', 'abiałek91@example.com'),
(96, 'Aleksandra', 'Chlebek', '+48505734833', 'achlebek79@example.com'),
(97, 'Aleksandra', 'Ignatowicz', '+48623383945', 'aignatowicz70@example.com'),
(98, 'Aleksandra', 'Damboń', '+48666838977', 'adamboń83@example.com'),
(99, 'Aleksandra', 'Baran', '+48728922183', 'abaran90@example.com'),
(100, 'Aleksandra', 'Dziuba', '+48679260915', 'adziuba93@example.com');

-- --------------------------------------------------------

--
-- Struktura tabeli dla tabeli `departments`
--

CREATE TABLE `departments` (
  `id` int(11) NOT NULL,
  `city` varchar(15) COLLATE utf8_unicode_ci NOT NULL,
  `name` varchar(30) COLLATE utf8_unicode_ci NOT NULL
) ENGINE=InnoDB DEFAULT CHARSET=utf8 COLLATE=utf8_unicode_ci;

--
-- Zrzut danych tabeli `departments`
--

INSERT INTO `departments` (`id`, `city`, `name`) VALUES
(1, 'Wrocław', 'C.H. Korona'),
(2, 'Wrocław', 'Multikino Arkady'),
(3, 'Łódź', 'Kino Bałtyk w Łodzi'),
(4, 'Poznań', 'Park Promenadowy'),
(5, 'Warszawa', 'Kino Moskwa w Warszawie'),
(6, 'Rzeszów', 'Kino Rzeszów'),
(7, 'Kraków', 'Kino Agrafka'),
(8, 'Kraków', 'Kino Sfinks'),
(9, 'Katowice', 'Kino Zorza'),
(10, 'Gdańsk', 'Kino Helios Gdańsk');

-- --------------------------------------------------------

--
-- Struktura tabeli dla tabeli `employees`
--

CREATE TABLE `employees` (
  `id` int(11) NOT NULL,
  `department_id` int(11) NOT NULL,
  `job_id` int(11) NOT NULL,
  `salary` decimal(8,2) UNSIGNED NOT NULL,
  `name` varchar(20) CHARACTER SET utf8 COLLATE utf8_unicode_ci NOT NULL,
  `surname` varchar(30) CHARACTER SET utf8 COLLATE utf8_unicode_ci NOT NULL,
  `job_start` date NOT NULL,
  `job_end` date DEFAULT NULL
) ENGINE=InnoDB DEFAULT CHARSET=latin1;

--
-- Zrzut danych tabeli `employees`
--

INSERT INTO `employees` (`id`, `department_id`, `job_id`, `salary`, `name`, `surname`, `job_start`, `job_end`) VALUES
(1, 1, 5, '20000.00', 'Jan', 'Krawczyk', '2019-03-28', '2021-01-05'),
(2, 1, 6, '2500.00', 'Jan', 'Nowak', '2016-09-28', NULL),
(3, 3, 4, '2500.00', 'Jan', 'Szczepaniak', '2017-01-19', NULL),
(4, 4, 2, '8000.00', 'Jan', 'Stefaniak', '2015-10-30', NULL),
(5, 10, 6, '2500.00', 'Jan', 'Białek', '2017-06-28', NULL),
(6, 5, 5, '2500.00', 'Jan', 'Chlebek', '2018-03-01', NULL),
(7, 9, 3, '3000.00', 'Jan', 'Ignatowicz', '2018-05-03', NULL),
(8, 9, 5, '2500.00', 'Jan', 'Damboń', '2015-06-14', NULL),
(9, 7, 4, '2500.00', 'Jan', 'Baran', '2015-01-18', NULL),
(10, 9, 4, '2500.00', 'Jan', 'Dziuba', '2016-11-01', NULL),
(11, 8, 6, '2500.00', 'Tomasz', 'Krawczyk', '2016-08-22', NULL),
(12, 1, 4, '2500.00', 'Tomasz', 'Nowak', '2018-09-02', NULL),
(13, 3, 3, '3000.00', 'Tomasz', 'Szczepaniak', '2017-07-27', NULL),
(14, 2, 3, '3000.00', 'Tomasz', 'Stefaniak', '2015-05-10', '2019-07-04'),
(15, 7, 5, '2500.00', 'Tomasz', 'Białek', '2019-12-04', NULL),
(16, 4, 6, '2500.00', 'Tomasz', 'Chlebek', '2015-02-20', NULL),
(17, 3, 2, '8000.00', 'Tomasz', 'Ignatowicz', '2018-02-27', NULL),
(18, 2, 4, '2500.00', 'Tomasz', 'Damboń', '2017-07-19', NULL),
(19, 8, 5, '2500.00', 'Tomasz', 'Baran', '2018-04-06', NULL),
(20, 7, 1, '20000.00', 'Tomasz', 'Dziuba', '2017-07-01', NULL),
(21, 2, 1, '20000.00', 'Marta', 'Krawczyk', '2018-04-20', NULL),
(22, 3, 2, '8000.00', 'Marta', 'Nowak', '2015-07-31', NULL),
(23, 8, 6, '2500.00', 'Marta', 'Szczepaniak', '2018-03-13', NULL),
(24, 6, 2, '8000.00', 'Marta', 'Stefaniak', '2016-10-09', NULL),
(25, 8, 6, '2500.00', 'Marta', 'Białek', '2017-06-15', NULL),
(26, 5, 3, '3000.00', 'Marta', 'Chlebek', '2016-01-21', NULL),
(27, 7, 3, '3000.00', 'Marta', 'Ignatowicz', '2018-12-30', NULL),
(28, 6, 3, '3000.00', 'Marta', 'Damboń', '2017-02-28', NULL),
(29, 2, 6, '2500.00', 'Marta', 'Baran', '2015-04-18', NULL),
(30, 7, 3, '3000.00', 'Marta', 'Dziuba', '2016-06-27', NULL),
(31, 7, 1, '20000.00', 'Łukasz', 'Krawczyk', '2017-04-01', NULL),
(32, 7, 4, '2500.00', 'Łukasz', 'Nowak', '2015-04-21', NULL),
(33, 4, 1, '20000.00', 'Łukasz', 'Szczepaniak', '2019-03-16', NULL),
(34, 7, 5, '2500.00', 'Łukasz', 'Stefaniak', '2016-04-19', NULL),
(35, 8, 1, '20000.00', 'Łukasz', 'Białek', '2019-09-06', NULL),
(36, 10, 4, '2500.00', 'Łukasz', 'Chlebek', '2019-12-13', NULL),
(37, 8, 2, '8000.00', 'Łukasz', 'Ignatowicz', '2015-03-28', NULL),
(38, 6, 5, '2500.00', 'Łukasz', 'Damboń', '2015-12-20', NULL),
(39, 6, 1, '20000.00', 'Łukasz', 'Baran', '2016-08-13', NULL),
(40, 1, 4, '2500.00', 'Łukasz', 'Dziuba', '2018-02-01', '2018-11-26'),
(41, 1, 3, '3000.00', 'Kamil', 'Krawczyk', '2018-02-19', NULL),
(42, 6, 4, '2500.00', 'Kamil', 'Nowak', '2016-05-10', NULL),
(43, 8, 4, '2500.00', 'Kamil', 'Szczepaniak', '2018-12-03', NULL),
(44, 4, 2, '8000.00', 'Kamil', 'Stefaniak', '2018-02-04', NULL),
(45, 6, 6, '2500.00', 'Kamil', 'Białek', '2019-10-11', NULL),
(46, 5, 3, '3000.00', 'Kamil', 'Chlebek', '2018-10-16', NULL),
(47, 5, 2, '8000.00', 'Kamil', 'Ignatowicz', '2015-04-17', NULL),
(48, 9, 4, '2500.00', 'Kamil', 'Damboń', '2018-09-06', NULL),
(49, 6, 6, '2500.00', 'Kamil', 'Baran', '2016-11-27', NULL),
(50, 5, 6, '2500.00', 'Kamil', 'Dziuba', '2016-01-19', NULL),
(51, 1, 6, '2500.00', 'Karolina', 'Krawczyk', '2019-04-25', NULL),
(52, 6, 2, '8000.00', 'Karolina', 'Nowak', '2015-10-09', NULL),
(53, 5, 2, '8000.00', 'Karolina', 'Szczepaniak', '2015-03-05', NULL),
(54, 10, 5, '2500.00', 'Karolina', 'Stefaniak', '2018-03-16', NULL),
(55, 1, 2, '8000.00', 'Karolina', 'Białek', '2018-07-17', NULL),
(56, 4, 1, '20000.00', 'Karolina', 'Chlebek', '2015-10-19', NULL),
(57, 10, 5, '2500.00', 'Karolina', 'Ignatowicz', '2015-02-28', NULL),
(58, 7, 1, '20000.00', 'Karolina', 'Damboń', '2016-02-23', NULL),
(59, 6, 3, '3000.00', 'Karolina', 'Baran', '2019-05-12', NULL),
(60, 2, 2, '8000.00', 'Karolina', 'Dziuba', '2015-10-01', NULL),
(61, 4, 5, '2500.00', 'Grzegorz', 'Krawczyk', '2016-06-24', NULL),
(62, 4, 4, '2500.00', 'Grzegorz', 'Nowak', '2015-05-07', NULL),
(63, 8, 5, '2500.00', 'Grzegorz', 'Szczepaniak', '2015-07-11', NULL),
(64, 4, 6, '2500.00', 'Grzegorz', 'Stefaniak', '2019-02-12', NULL),
(65, 8, 5, '2500.00', 'Grzegorz', 'Białek', '2017-01-18', NULL),
(66, 1, 1, '20000.00', 'Grzegorz', 'Chlebek', '2019-03-30', NULL),
(67, 5, 1, '20000.00', 'Grzegorz', 'Ignatowicz', '2017-04-06', NULL),
(68, 4, 6, '2500.00', 'Grzegorz', 'Damboń', '2016-01-20', NULL),
(69, 5, 6, '2500.00', 'Grzegorz', 'Baran', '2017-08-21', NULL),
(70, 2, 6, '2500.00', 'Grzegorz', 'Dziuba', '2018-07-23', NULL),
(71, 2, 4, '2500.00', 'Damian', 'Krawczyk', '2016-02-23', NULL),
(72, 8, 5, '2500.00', 'Damian', 'Nowak', '2017-02-18', NULL),
(73, 3, 2, '8000.00', 'Damian', 'Szczepaniak', '2015-02-20', NULL),
(74, 1, 1, '20000.00', 'Damian', 'Stefaniak', '2016-06-16', NULL),
(75, 4, 6, '2500.00', 'Damian', 'Białek', '2017-05-12', NULL),
(76, 2, 4, '2500.00', 'Damian', 'Chlebek', '2016-10-27', NULL),
(77, 9, 6, '2500.00', 'Damian', 'Ignatowicz', '2019-11-26', NULL),
(78, 7, 6, '2500.00', 'Damian', 'Damboń', '2016-03-13', NULL),
(79, 1, 4, '2500.00', 'Damian', 'Baran', '2015-11-27', NULL),
(80, 9, 6, '2500.00', 'Damian', 'Dziuba', '2018-12-05', NULL),
(81, 1, 6, '2500.00', 'Daria', 'Krawczyk', '2017-07-06', NULL),
(82, 8, 3, '3000.00', 'Daria', 'Nowak', '2017-07-05', NULL),
(83, 2, 1, '20000.00', 'Daria', 'Szczepaniak', '2017-10-29', NULL),
(84, 2, 2, '8000.00', 'Daria', 'Stefaniak', '2018-03-14', NULL),
(85, 6, 1, '20000.00', 'Daria', 'Białek', '2015-05-29', NULL),
(86, 7, 4, '2500.00', 'Daria', 'Chlebek', '2017-10-05', NULL),
(87, 10, 6, '2500.00', 'Daria', 'Ignatowicz', '2016-03-08', NULL),
(88, 8, 6, '2500.00', 'Daria', 'Damboń', '2019-11-22', NULL),
(89, 5, 4, '2500.00', 'Daria', 'Baran', '2018-10-16', '2019-11-13'),
(90, 9, 3, '3000.00', 'Daria', 'Dziuba', '2017-03-20', NULL),
(91, 7, 2, '8000.00', 'Aleksandra', 'Krawczyk', '2016-06-06', NULL),
(92, 8, 3, '3000.00', 'Aleksandra', 'Nowak', '2018-05-02', NULL),
(93, 6, 1, '20000.00', 'Aleksandra', 'Szczepaniak', '2015-11-11', NULL),
(94, 1, 4, '2500.00', 'Aleksandra', 'Stefaniak', '2016-12-29', '2021-01-05'),
(95, 8, 4, '2500.00', 'Aleksandra', 'Białek', '2019-10-21', NULL),
(96, 10, 4, '2500.00', 'Aleksandra', 'Chlebek', '2017-01-17', NULL),
(97, 3, 5, '2500.00', 'Aleksandra', 'Ignatowicz', '2017-07-22', NULL),
(98, 9, 3, '3000.00', 'Aleksandra', 'Damboń', '2015-09-02', NULL),
(99, 4, 2, '8000.00', 'Aleksandra', 'Baran', '2018-09-14', NULL),
(100, 2, 6, '2500.00', 'Aleksandra', 'Dziuba', '2016-12-09', NULL);

--
-- Wyzwalacze `employees`
--
DELIMITER $$
CREATE TRIGGER `before_salary_insert` BEFORE INSERT ON `employees` FOR EACH ROW if(new.salary > (SELECT max_salary FROM jobs WHERE (jobs.id = new.job_id)))
    then set new.salary = (SELECT max_salary FROM jobs WHERE (jobs.id = new.job_id));

else if(new.salary < (SELECT min_salary FROM jobs WHERE (jobs.id = new.job_id)))
    then set new.salary = (SELECT min_salary FROM jobs WHERE (jobs.id = new.job_id));

end if;
end if
$$
DELIMITER ;

-- --------------------------------------------------------

--
-- Zastąpiona struktura widoku `employee_list`
-- (Zobacz poniżej rzeczywisty widok)
--
CREATE TABLE `employee_list` (
`city` varchar(15)
,`cinema` varchar(30)
,`name` varchar(20)
,`surname` varchar(30)
,`job_name` varchar(40)
,`salary` decimal(8,2) unsigned
);

-- --------------------------------------------------------

--
-- Struktura tabeli dla tabeli `genres`
--

CREATE TABLE `genres` (
  `id` int(11) NOT NULL,
  `name` varchar(20) COLLATE utf8_unicode_ci NOT NULL
) ENGINE=InnoDB DEFAULT CHARSET=utf8 COLLATE=utf8_unicode_ci;

--
-- Zrzut danych tabeli `genres`
--

INSERT INTO `genres` (`id`, `name`) VALUES
(1, 'Dramat'),
(2, 'Musical'),
(3, 'Dokumentalny'),
(4, 'Biograficzny'),
(5, 'Dla Dzieci'),
(6, 'Komedia'),
(7, 'Akcji'),
(8, 'Horror'),
(9, 'Thriller'),
(10, 'Fantasy');

-- --------------------------------------------------------

--
-- Struktura tabeli dla tabeli `jobs`
--

CREATE TABLE `jobs` (
  `id` int(11) NOT NULL,
  `name` varchar(40) COLLATE utf8_unicode_ci NOT NULL,
  `min_salary` decimal(8,2) UNSIGNED NOT NULL,
  `max_salary` decimal(8,2) UNSIGNED DEFAULT NULL
) ENGINE=InnoDB DEFAULT CHARSET=utf8 COLLATE=utf8_unicode_ci;

--
-- Zrzut danych tabeli `jobs`
--

INSERT INTO `jobs` (`id`, `name`, `min_salary`, `max_salary`) VALUES
(1, 'Właściciel', '20000.00', NULL),
(2, 'Kierownik', '8000.00', '20000.00'),
(3, 'Kasjer', '3000.00', '5000.00'),
(4, 'Bileter', '2500.00', '4000.00'),
(5, 'Pracownik Baru', '2500.00', '5000.00'),
(6, 'Pracownik Usług Czystościowych', '2500.00', '4000.00');

-- --------------------------------------------------------

--
-- Struktura tabeli dla tabeli `months`
--

CREATE TABLE `months` (
  `id` int(11) NOT NULL,
  `number` int(11) NOT NULL
) ENGINE=InnoDB DEFAULT CHARSET=latin1;

--
-- Zrzut danych tabeli `months`
--

INSERT INTO `months` (`id`, `number`) VALUES
(1, 1),
(2, 2),
(3, 3),
(4, 4),
(5, 5),
(6, 6),
(7, 7),
(8, 8),
(9, 9),
(10, 10),
(11, 11),
(12, 12);

-- --------------------------------------------------------

--
-- Zastąpiona struktura widoku `most_profitable_movies`
-- (Zobacz poniżej rzeczywisty widok)
--
CREATE TABLE `most_profitable_movies` (
`title` varchar(50)
,`price` decimal(28,2)
);

-- --------------------------------------------------------

--
-- Struktura tabeli dla tabeli `movies`
--

CREATE TABLE `movies` (
  `id` int(11) NOT NULL,
  `title` varchar(50) COLLATE utf8_unicode_ci NOT NULL,
  `rating` decimal(3,1) UNSIGNED NOT NULL,
  `length` time NOT NULL,
  `premiere` date NOT NULL
) ENGINE=InnoDB DEFAULT CHARSET=utf8 COLLATE=utf8_unicode_ci;

--
-- Zrzut danych tabeli `movies`
--

INSERT INTO `movies` (`id`, `title`, `rating`, `length`, `premiere`) VALUES
(1, 'Joker', '7.6', '01:45:00', '2019-04-30'),
(2, 'Ragnarok', '1.9', '01:00:00', '2020-01-27'),
(3, 'In The Heights', '6.4', '01:30:00', '2019-07-07'),
(4, 'The Big Bang', '1.4', '01:30:00', '2019-03-14'),
(5, 'Jedzenie - masz wybór?', '5.0', '01:30:00', '2019-02-09'),
(6, 'Trucizna nasza powszednia', '1.9', '01:15:00', '2019-12-30'),
(7, 'Judy', '8.9', '01:30:00', '2020-04-27'),
(8, 'Cóż za piękny dzień', '6.3', '01:00:00', '2020-03-16'),
(9, 'Urwis', '7.3', '01:00:00', '2019-02-08'),
(10, 'Tajni i fajni', '7.1', '01:00:00', '2019-09-12'),
(11, 'Sokół z masłem orzechowym', '9.2', '01:45:00', '2020-02-23'),
(12, 'Mayday', '1.2', '01:45:00', '2019-11-24'),
(13, 'Psy 3', '9.4', '01:30:00', '2020-01-09'),
(14, 'Nie czas umierać', '1.9', '01:00:00', '2019-11-09'),
(15, 'Ocalenie', '8.3', '01:30:00', '2019-01-03'),
(16, 'Niewidzialny człowiek', '5.2', '01:15:00', '2019-05-13'),
(17, 'Ciche miejsce 2', '6.1', '01:30:00', '2019-03-27'),
(18, 'The Hunt', '5.1', '01:00:00', '2019-03-14'),
(19, 'Brahms: The Boy II', '3.9', '01:15:00', '2019-04-30'),
(20, 'Locke & Key', '2.3', '01:30:00', '2020-03-18'),
(21, 'List do króla', '6.2', '01:15:00', '2019-05-03');

-- --------------------------------------------------------

--
-- Struktura tabeli dla tabeli `movie_genres`
--

CREATE TABLE `movie_genres` (
  `id` int(11) NOT NULL,
  `movie_id` int(11) NOT NULL,
  `genre_id` int(11) NOT NULL
) ENGINE=InnoDB DEFAULT CHARSET=utf8 COLLATE=utf8_unicode_ci;

--
-- Zrzut danych tabeli `movie_genres`
--

INSERT INTO `movie_genres` (`id`, `movie_id`, `genre_id`) VALUES
(1, 1, 1),
(2, 2, 1),
(3, 2, 10),
(4, 3, 1),
(5, 3, 2),
(6, 4, 2),
(7, 4, 6),
(8, 6, 3),
(9, 7, 4),
(10, 7, 1),
(11, 7, 2),
(12, 8, 4),
(13, 8, 1),
(14, 9, 5),
(15, 9, 6),
(16, 10, 5),
(17, 10, 6),
(18, 10, 7),
(19, 11, 6),
(20, 11, 1),
(21, 12, 6),
(22, 13, 7),
(23, 13, 1),
(24, 14, 7),
(25, 15, 7),
(26, 16, 8),
(27, 17, 8),
(28, 18, 9),
(29, 18, 7),
(30, 19, 9),
(31, 20, 10),
(32, 20, 1),
(33, 20, 8),
(34, 21, 10),
(35, 5, 3);

-- --------------------------------------------------------

--
-- Zastąpiona struktura widoku `profit_monthly`
-- (Zobacz poniżej rzeczywisty widok)
--
CREATE TABLE `profit_monthly` (
`year` int(4)
,`month` int(2)
,`city` varchar(15)
,`name` varchar(30)
,`ticket_income` decimal(28,2)
,`month_salary` decimal(30,2)
,`profit` decimal(31,2)
);

-- --------------------------------------------------------

--
-- Zastąpiona struktura widoku `repertuar`
-- (Zobacz poniżej rzeczywisty widok)
--
CREATE TABLE `repertuar` (
`title` varchar(50)
,`genres` mediumtext
,`length` time
,`rating` decimal(3,1) unsigned
);

-- --------------------------------------------------------

--
-- Zastąpiona struktura widoku `salary_month`
-- (Zobacz poniżej rzeczywisty widok)
--
CREATE TABLE `salary_month` (
`year` int(4)
,`month` int(11)
,`city` varchar(15)
,`name` varchar(30)
,`month_salary` decimal(30,2)
);

-- --------------------------------------------------------

--
-- Struktura tabeli dla tabeli `seances`
--

CREATE TABLE `seances` (
  `id` int(11) NOT NULL,
  `cinema_room_id` int(11) NOT NULL,
  `movie_id` int(11) NOT NULL,
  `date` datetime NOT NULL DEFAULT current_timestamp(),
  `3D` tinyint(1) NOT NULL,
  `localisation` enum('brak','lektor','dubbing','napisy') COLLATE utf8_unicode_ci NOT NULL
) ENGINE=InnoDB DEFAULT CHARSET=utf8 COLLATE=utf8_unicode_ci;

--
-- Zrzut danych tabeli `seances`
--

INSERT INTO `seances` (`id`, `cinema_room_id`, `movie_id`, `date`, `3D`, `localisation`) VALUES
(1, 28, 12, '2019-05-03 01:08:20', 0, 'lektor'),
(2, 18, 14, '2019-07-28 08:49:29', 0, 'dubbing'),
(3, 14, 10, '2015-06-02 11:48:17', 0, 'napisy'),
(4, 23, 16, '2015-03-28 07:59:34', 0, 'napisy'),
(5, 10, 2, '2015-07-10 09:43:46', 1, 'lektor'),
(6, 21, 2, '2016-05-18 05:39:50', 0, 'napisy'),
(7, 3, 10, '2018-03-05 00:54:32', 1, 'brak'),
(8, 6, 21, '2017-02-09 13:01:00', 0, 'napisy'),
(9, 34, 8, '2016-03-05 14:37:57', 0, 'napisy'),
(10, 31, 17, '2015-02-24 07:24:17', 1, 'napisy'),
(11, 1, 2, '2015-07-26 05:28:00', 1, 'dubbing'),
(12, 2, 9, '2016-09-10 05:29:01', 0, 'lektor'),
(13, 6, 19, '2019-07-22 22:11:59', 0, 'brak'),
(14, 2, 15, '2019-07-14 21:17:08', 1, 'lektor'),
(15, 18, 1, '2016-11-12 19:50:09', 1, 'lektor'),
(16, 19, 8, '2018-04-18 04:55:00', 0, 'napisy'),
(17, 16, 7, '2015-12-14 04:00:57', 0, 'napisy'),
(18, 23, 4, '2019-06-24 19:00:43', 0, 'brak'),
(19, 25, 12, '2017-01-11 01:00:34', 0, 'lektor'),
(20, 3, 17, '2017-06-27 15:13:11', 0, 'lektor'),
(21, 34, 13, '2017-09-01 01:01:07', 0, 'dubbing'),
(22, 17, 12, '2016-03-10 22:31:52', 0, 'dubbing'),
(23, 16, 13, '2017-11-08 09:32:32', 1, 'lektor'),
(24, 7, 20, '2015-10-18 20:28:32', 1, 'brak'),
(25, 34, 16, '2019-10-16 09:59:03', 0, 'dubbing'),
(26, 7, 3, '2016-07-01 16:32:57', 0, 'dubbing'),
(27, 12, 10, '2017-10-24 01:40:38', 0, 'dubbing'),
(28, 9, 17, '2018-12-14 20:14:07', 0, 'dubbing'),
(29, 33, 3, '2015-10-18 08:27:51', 0, 'dubbing'),
(30, 17, 13, '2017-11-22 23:28:14', 0, 'brak'),
(31, 29, 6, '2018-01-06 06:37:50', 1, 'lektor'),
(32, 26, 19, '2016-04-11 11:27:05', 1, 'lektor'),
(33, 14, 4, '2019-03-24 23:05:24', 0, 'dubbing'),
(34, 22, 10, '2018-08-12 22:53:31', 0, 'brak'),
(35, 6, 2, '2017-04-23 12:31:24', 0, 'brak'),
(36, 8, 8, '2015-02-14 03:35:37', 0, 'dubbing'),
(37, 3, 3, '2017-08-22 05:18:48', 0, 'lektor'),
(38, 20, 19, '2016-10-15 22:09:01', 0, 'napisy'),
(39, 29, 15, '2018-08-18 11:38:42', 0, 'dubbing'),
(40, 22, 14, '2018-02-19 13:41:06', 0, 'dubbing'),
(41, 15, 16, '2015-08-07 13:55:23', 0, 'lektor'),
(42, 14, 19, '2019-04-16 18:05:12', 0, 'brak'),
(43, 10, 20, '2016-06-02 01:26:51', 0, 'brak'),
(44, 24, 11, '2019-09-28 12:39:11', 0, 'lektor'),
(45, 12, 14, '2016-12-22 12:26:45', 0, 'lektor'),
(46, 28, 17, '2015-10-17 20:30:01', 0, 'dubbing'),
(47, 13, 11, '2018-11-15 18:42:01', 1, 'brak'),
(48, 25, 20, '2018-08-01 04:49:09', 0, 'brak'),
(49, 10, 8, '2017-03-25 14:28:08', 1, 'dubbing'),
(50, 32, 8, '2017-11-12 17:40:35', 0, 'lektor'),
(51, 24, 3, '2016-05-22 13:27:38', 1, 'dubbing'),
(52, 4, 3, '2016-04-19 01:13:00', 1, 'napisy'),
(53, 29, 17, '2019-03-02 10:46:52', 0, 'lektor'),
(54, 2, 14, '2016-02-28 19:23:32', 0, 'lektor'),
(55, 26, 20, '2017-03-15 12:43:50', 0, 'brak'),
(56, 32, 16, '2019-05-13 12:55:26', 1, 'brak'),
(57, 33, 4, '2015-02-07 21:40:59', 0, 'dubbing'),
(58, 32, 20, '2018-10-03 13:01:52', 0, 'napisy'),
(59, 25, 21, '2017-04-04 14:43:12', 0, 'lektor'),
(60, 28, 3, '2017-05-09 16:41:31', 0, 'lektor'),
(61, 13, 1, '2015-11-01 18:47:59', 0, 'lektor'),
(62, 22, 10, '2019-12-02 11:37:34', 0, 'dubbing'),
(63, 10, 16, '2016-10-02 16:22:24', 1, 'napisy'),
(64, 10, 11, '2018-02-25 09:04:02', 0, 'dubbing'),
(65, 15, 18, '2017-11-15 10:35:36', 0, 'napisy'),
(66, 34, 1, '2019-02-23 00:56:28', 1, 'lektor'),
(67, 26, 5, '2015-06-14 03:53:00', 0, 'dubbing'),
(68, 6, 18, '2017-02-06 07:00:07', 0, 'dubbing'),
(69, 23, 5, '2015-06-10 04:41:44', 1, 'lektor'),
(70, 34, 15, '2017-01-20 10:13:35', 1, 'dubbing'),
(71, 26, 9, '2017-04-13 16:30:42', 0, 'dubbing'),
(72, 24, 10, '2018-09-08 18:28:19', 0, 'brak'),
(73, 20, 2, '2017-02-25 15:57:11', 0, 'lektor'),
(74, 2, 4, '2016-08-08 22:01:49', 0, 'napisy'),
(75, 14, 18, '2016-06-17 19:59:10', 1, 'brak'),
(76, 20, 10, '2015-04-09 19:44:54', 0, 'brak'),
(77, 24, 14, '2017-04-05 13:56:48', 0, 'napisy'),
(78, 28, 13, '2019-01-30 12:17:24', 0, 'napisy'),
(79, 32, 5, '2015-06-20 13:49:36', 1, 'lektor'),
(80, 30, 12, '2018-02-24 18:18:14', 0, 'brak'),
(81, 23, 21, '2017-01-17 15:54:11', 0, 'dubbing'),
(82, 11, 13, '2015-03-15 01:41:32', 0, 'brak'),
(83, 8, 20, '2015-05-17 00:07:32', 0, 'dubbing'),
(84, 9, 14, '2016-02-22 02:53:11', 1, 'dubbing'),
(85, 27, 7, '2017-01-29 00:18:44', 0, 'lektor'),
(86, 4, 16, '2017-11-14 06:20:34', 0, 'brak'),
(87, 29, 2, '2017-11-26 17:29:29', 0, 'brak'),
(88, 14, 16, '2017-12-23 07:20:49', 0, 'lektor'),
(89, 1, 6, '2018-03-25 21:50:47', 0, 'brak'),
(90, 16, 7, '2016-12-26 01:03:29', 0, 'lektor'),
(91, 8, 18, '2017-07-29 03:23:05', 0, 'lektor'),
(92, 30, 11, '2018-04-17 05:59:35', 0, 'brak'),
(93, 17, 1, '2018-03-05 01:39:49', 0, 'lektor'),
(94, 34, 3, '2016-01-18 22:30:29', 0, 'dubbing'),
(95, 24, 3, '2018-01-31 13:29:38', 0, 'lektor'),
(96, 32, 3, '2019-07-09 20:17:25', 0, 'napisy'),
(97, 31, 9, '2018-02-02 22:06:57', 0, 'napisy'),
(98, 33, 2, '2019-08-07 07:35:30', 0, 'napisy'),
(99, 1, 3, '2016-06-02 09:23:47', 0, 'brak'),
(100, 1, 9, '2016-11-02 03:11:54', 0, 'napisy'),
(101, 3, 3, '2017-06-27 15:13:00', 1, 'lektor'),
(102, 1, 1, '2015-07-26 05:28:00', 1, 'dubbing');

-- --------------------------------------------------------

--
-- Struktura tabeli dla tabeli `tickets`
--

CREATE TABLE `tickets` (
  `seance_id` int(11) NOT NULL,
  `seat_number` int(11) NOT NULL,
  `client_id` int(11) NOT NULL,
  `ticket_type_id` int(11) NOT NULL,
  `payment_status` tinyint(1) NOT NULL DEFAULT 0
) ENGINE=InnoDB DEFAULT CHARSET=utf8 COLLATE=utf8_unicode_ci;

--
-- Zrzut danych tabeli `tickets`
--

INSERT INTO `tickets` (`seance_id`, `seat_number`, `client_id`, `ticket_type_id`, `payment_status`) VALUES
(1, 2, 44, 1, 1),
(1, 3, 37, 1, 1),
(1, 4, 95, 1, 1),
(1, 5, 14, 3, 0),
(1, 6, 20, 2, 1),
(1, 7, 60, 1, 1),
(1, 8, 76, 1, 1),
(1, 9, 59, 3, 1),
(1, 10, 92, 3, 1),
(1, 11, 90, 2, 1),
(1, 12, 74, 3, 1),
(1, 13, 35, 1, 1),
(1, 14, 47, 1, 1),
(1, 15, 57, 2, 1),
(1, 16, 58, 3, 1),
(1, 17, 49, 3, 1),
(1, 18, 54, 2, 1),
(1, 20, 77, 2, 1),
(1, 21, 63, 2, 1),
(1, 22, 78, 3, 1),
(1, 23, 20, 1, 1),
(1, 24, 42, 1, 0),
(1, 25, 43, 3, 1),
(1, 26, 56, 1, 1),
(1, 27, 63, 1, 1),
(1, 28, 2, 3, 1),
(1, 29, 87, 2, 1),
(1, 32, 32, 3, 1),
(1, 33, 36, 3, 0),
(1, 34, 25, 2, 1),
(1, 35, 2, 3, 0),
(1, 36, 73, 1, 1),
(1, 37, 68, 2, 0),
(1, 40, 32, 3, 1),
(1, 42, 15, 3, 1),
(1, 43, 11, 2, 1),
(1, 44, 21, 2, 1),
(1, 47, 49, 3, 1),
(1, 48, 51, 1, 1),
(1, 49, 33, 2, 1),
(1, 50, 93, 1, 1),
(1, 52, 59, 2, 1),
(1, 53, 32, 3, 1),
(1, 55, 70, 1, 1),
(1, 56, 2, 2, 1),
(1, 57, 20, 1, 1),
(1, 62, 41, 1, 1),
(1, 63, 49, 1, 0),
(1, 64, 79, 1, 1),
(1, 65, 4, 3, 1),
(1, 66, 99, 1, 1),
(1, 69, 84, 2, 1),
(1, 70, 97, 3, 0),
(1, 72, 8, 3, 1),
(1, 74, 3, 1, 1),
(1, 76, 25, 1, 1),
(1, 78, 36, 3, 1),
(1, 79, 10, 3, 1),
(1, 80, 92, 2, 1),
(1, 81, 54, 2, 1),
(1, 82, 51, 2, 1),
(1, 83, 19, 1, 1),
(1, 85, 39, 3, 1),
(1, 88, 12, 1, 1),
(1, 89, 90, 1, 1),
(1, 90, 37, 1, 1),
(1, 91, 66, 3, 1),
(1, 94, 28, 1, 1),
(1, 95, 25, 2, 0),
(1, 96, 27, 3, 1),
(1, 97, 42, 1, 0),
(1, 98, 19, 3, 1),
(1, 99, 80, 3, 1),
(1, 100, 84, 1, 0),
(1, 101, 30, 1, 1),
(1, 103, 81, 2, 0),
(1, 105, 26, 2, 1),
(1, 106, 23, 1, 1),
(1, 107, 26, 1, 0),
(1, 108, 71, 3, 1),
(1, 109, 18, 1, 1),
(1, 110, 39, 1, 1),
(1, 112, 39, 3, 1),
(1, 113, 92, 3, 0),
(1, 115, 56, 3, 0),
(1, 119, 93, 1, 0),
(1, 120, 41, 1, 1),
(1, 121, 79, 2, 1),
(1, 122, 85, 2, 1),
(1, 123, 19, 2, 1),
(1, 124, 82, 1, 0),
(2, 2, 79, 2, 1),
(2, 4, 65, 3, 1),
(2, 6, 72, 3, 1),
(2, 7, 69, 1, 1),
(2, 9, 100, 1, 1),
(2, 11, 1, 3, 1),
(2, 12, 83, 3, 1),
(2, 16, 37, 2, 0),
(2, 17, 1, 2, 1),
(2, 19, 61, 1, 1),
(2, 20, 95, 3, 1),
(2, 21, 32, 3, 1),
(2, 24, 81, 2, 0),
(2, 26, 92, 2, 1),
(2, 27, 16, 1, 1),
(2, 28, 23, 2, 1),
(2, 29, 51, 2, 0),
(2, 31, 9, 1, 1),
(2, 32, 82, 2, 1),
(2, 33, 31, 1, 1),
(2, 34, 13, 1, 1),
(2, 35, 2, 1, 1),
(2, 36, 17, 3, 1),
(2, 37, 39, 1, 1),
(2, 38, 98, 3, 0),
(2, 39, 69, 3, 1),
(2, 41, 32, 1, 1),
(2, 43, 5, 2, 1),
(2, 46, 20, 2, 1),
(2, 49, 42, 1, 1),
(2, 52, 100, 1, 1),
(2, 53, 20, 2, 1),
(2, 54, 25, 2, 1),
(2, 55, 66, 2, 1),
(2, 56, 14, 1, 1),
(2, 57, 66, 3, 1),
(2, 59, 82, 3, 1),
(2, 60, 9, 1, 1),
(2, 61, 12, 3, 1),
(2, 62, 12, 2, 0),
(2, 64, 19, 2, 1),
(2, 65, 76, 1, 1),
(2, 66, 37, 2, 1),
(2, 67, 51, 2, 1),
(2, 71, 46, 2, 1),
(2, 73, 39, 3, 1),
(2, 74, 71, 2, 1),
(2, 76, 22, 1, 1),
(2, 78, 26, 2, 1),
(2, 79, 31, 2, 1),
(2, 82, 38, 1, 1),
(2, 83, 35, 2, 0),
(2, 88, 24, 1, 1),
(2, 90, 99, 1, 0),
(2, 91, 30, 1, 1),
(2, 92, 5, 1, 0),
(2, 93, 62, 3, 1),
(2, 96, 23, 2, 0),
(2, 97, 10, 3, 1),
(2, 98, 94, 1, 1),
(2, 99, 76, 3, 1),
(2, 100, 64, 2, 0),
(2, 101, 9, 2, 1),
(2, 102, 84, 3, 1),
(2, 104, 75, 2, 1),
(2, 106, 2, 2, 1),
(2, 107, 53, 3, 1),
(2, 108, 13, 1, 1),
(2, 111, 61, 3, 1),
(2, 112, 69, 3, 1),
(2, 113, 77, 3, 1),
(2, 114, 83, 1, 1),
(2, 115, 86, 1, 0),
(2, 117, 66, 1, 1),
(2, 118, 36, 2, 0),
(2, 119, 21, 1, 0),
(2, 120, 72, 1, 1),
(2, 121, 23, 3, 0),
(2, 122, 30, 2, 1),
(2, 123, 44, 1, 1),
(2, 124, 40, 1, 1),
(2, 125, 14, 1, 1),
(2, 127, 65, 3, 1),
(2, 128, 64, 3, 1),
(2, 129, 40, 1, 1),
(2, 130, 7, 1, 1),
(2, 131, 90, 1, 1),
(2, 132, 96, 3, 1),
(2, 133, 25, 2, 1),
(2, 134, 21, 3, 0),
(2, 135, 90, 1, 1),
(2, 137, 99, 2, 1),
(2, 139, 3, 1, 1),
(2, 142, 48, 2, 1),
(2, 144, 96, 1, 1),
(2, 148, 7, 2, 0),
(2, 149, 38, 1, 1),
(2, 150, 96, 1, 1),
(2, 153, 62, 2, 0),
(2, 154, 2, 1, 1),
(2, 159, 7, 2, 0),
(2, 160, 24, 2, 1),
(2, 162, 76, 3, 1),
(2, 163, 92, 3, 1),
(2, 164, 98, 2, 1),
(2, 165, 42, 1, 1),
(2, 166, 51, 2, 0),
(2, 167, 27, 1, 1),
(2, 168, 23, 2, 1),
(2, 169, 84, 2, 1),
(2, 171, 83, 2, 1),
(2, 172, 73, 2, 1),
(2, 175, 34, 1, 1),
(2, 177, 97, 2, 1),
(2, 178, 34, 3, 0),
(2, 179, 63, 3, 1),
(2, 180, 27, 2, 1),
(2, 181, 94, 2, 1),
(2, 182, 22, 1, 1),
(2, 184, 73, 3, 1),
(2, 187, 35, 3, 1),
(2, 191, 17, 2, 1),
(2, 192, 25, 1, 1),
(2, 195, 88, 2, 1),
(2, 196, 3, 3, 1),
(2, 197, 35, 2, 1),
(2, 198, 1, 3, 1),
(2, 199, 74, 2, 1),
(2, 200, 5, 1, 1),
(3, 1, 92, 1, 0),
(3, 2, 96, 3, 0),
(3, 3, 28, 3, 1),
(3, 4, 62, 1, 1),
(3, 6, 82, 1, 1),
(3, 7, 23, 2, 0),
(3, 9, 48, 1, 1),
(3, 10, 63, 2, 1),
(3, 11, 68, 3, 1),
(3, 13, 58, 3, 1),
(3, 14, 4, 2, 1),
(3, 15, 76, 3, 1),
(3, 17, 25, 3, 1),
(3, 18, 36, 2, 1),
(3, 20, 22, 2, 1),
(3, 21, 16, 3, 1),
(3, 22, 82, 3, 1),
(3, 23, 78, 1, 0),
(3, 24, 17, 1, 1),
(3, 25, 14, 3, 0),
(3, 26, 42, 1, 0),
(3, 27, 16, 1, 1),
(3, 28, 38, 2, 1),
(3, 30, 71, 1, 1),
(3, 31, 82, 1, 1),
(3, 33, 3, 2, 1),
(3, 35, 45, 1, 1),
(3, 36, 32, 3, 1),
(3, 37, 21, 3, 1),
(3, 38, 59, 2, 1),
(3, 40, 10, 2, 1),
(3, 41, 30, 1, 1),
(3, 43, 59, 3, 1),
(3, 45, 91, 3, 1),
(3, 46, 79, 3, 1),
(3, 47, 90, 2, 1),
(3, 48, 59, 3, 1),
(3, 49, 13, 3, 0),
(3, 50, 81, 1, 1),
(3, 51, 88, 2, 0),
(3, 52, 14, 3, 1),
(3, 53, 92, 2, 1),
(3, 54, 91, 3, 0),
(3, 56, 78, 2, 1),
(3, 60, 23, 1, 1),
(3, 61, 87, 3, 1),
(3, 62, 88, 3, 1),
(3, 63, 6, 3, 1),
(3, 64, 58, 2, 1),
(3, 66, 38, 1, 0),
(3, 67, 14, 3, 1),
(3, 68, 55, 2, 1),
(3, 69, 19, 2, 0),
(3, 71, 75, 1, 1),
(3, 72, 27, 3, 1),
(3, 73, 95, 3, 1),
(3, 74, 3, 3, 0),
(3, 75, 7, 2, 1),
(3, 77, 35, 1, 1),
(3, 81, 76, 1, 0),
(3, 82, 29, 2, 1),
(3, 83, 3, 2, 0),
(3, 84, 75, 2, 0),
(3, 85, 6, 3, 0),
(3, 86, 48, 2, 1),
(3, 87, 40, 2, 1),
(3, 89, 82, 2, 0),
(3, 90, 13, 3, 1),
(3, 92, 86, 2, 1),
(3, 93, 3, 3, 1),
(3, 94, 73, 2, 1),
(3, 96, 55, 2, 1),
(3, 97, 54, 1, 1),
(3, 98, 3, 3, 1),
(3, 101, 7, 3, 1),
(3, 103, 46, 1, 1),
(3, 104, 86, 1, 1),
(3, 105, 89, 3, 1),
(3, 106, 88, 2, 1),
(3, 107, 18, 1, 1),
(3, 108, 41, 3, 1),
(3, 109, 94, 2, 1),
(3, 110, 29, 2, 1),
(3, 112, 31, 3, 1),
(3, 115, 94, 1, 1),
(3, 116, 13, 2, 1),
(3, 117, 9, 1, 1),
(3, 118, 28, 3, 1),
(3, 119, 98, 2, 1),
(3, 120, 41, 2, 1),
(3, 121, 91, 1, 1),
(3, 122, 68, 2, 1),
(3, 123, 48, 1, 1),
(4, 1, 13, 1, 1),
(4, 2, 63, 2, 1),
(4, 3, 91, 1, 1),
(4, 4, 2, 3, 1),
(4, 5, 70, 1, 1),
(4, 6, 66, 3, 1),
(4, 8, 14, 1, 0),
(4, 9, 56, 2, 1),
(4, 10, 52, 3, 1),
(4, 11, 86, 1, 1),
(4, 12, 7, 2, 1),
(4, 13, 17, 2, 1),
(4, 14, 48, 2, 0),
(4, 15, 53, 3, 1),
(4, 17, 87, 1, 0),
(4, 18, 42, 3, 1),
(4, 19, 1, 2, 0),
(4, 22, 54, 1, 1),
(4, 23, 1, 2, 1),
(4, 24, 18, 3, 1),
(4, 25, 14, 3, 1),
(4, 28, 50, 3, 1),
(4, 29, 63, 2, 0),
(4, 30, 58, 1, 1),
(4, 31, 44, 2, 1),
(4, 32, 80, 3, 1),
(4, 35, 40, 3, 1),
(4, 36, 29, 3, 1),
(4, 38, 51, 3, 1),
(4, 39, 11, 2, 1),
(4, 40, 96, 2, 1),
(4, 41, 31, 2, 1),
(4, 43, 93, 3, 1),
(4, 44, 56, 1, 0),
(4, 45, 29, 3, 1),
(4, 46, 82, 1, 1),
(4, 47, 83, 1, 1),
(4, 48, 90, 1, 1),
(4, 49, 78, 1, 1),
(4, 50, 19, 3, 0),
(4, 52, 29, 2, 0),
(4, 53, 26, 1, 1),
(4, 54, 35, 2, 1),
(4, 55, 13, 3, 1),
(4, 56, 100, 3, 0),
(4, 58, 33, 2, 1),
(4, 59, 1, 3, 1),
(4, 60, 75, 2, 1),
(4, 61, 99, 1, 0),
(4, 62, 13, 3, 0),
(4, 63, 46, 1, 1),
(4, 64, 48, 2, 0),
(4, 66, 26, 1, 1),
(4, 68, 77, 3, 1),
(4, 69, 81, 1, 1),
(4, 72, 56, 1, 1),
(4, 74, 24, 2, 1),
(4, 75, 90, 2, 1),
(4, 76, 25, 2, 1),
(4, 77, 81, 3, 1),
(4, 79, 90, 1, 1),
(4, 80, 6, 2, 1),
(4, 81, 70, 3, 1),
(4, 83, 66, 1, 1),
(4, 84, 43, 2, 1),
(4, 85, 95, 1, 1),
(4, 86, 15, 3, 1),
(4, 87, 76, 1, 0),
(4, 88, 37, 1, 1),
(4, 89, 42, 3, 1),
(4, 91, 23, 3, 1),
(4, 92, 70, 2, 0),
(4, 93, 92, 3, 1),
(4, 94, 55, 1, 1),
(4, 95, 97, 3, 1),
(4, 96, 99, 2, 0),
(4, 97, 45, 3, 1),
(4, 98, 41, 1, 1),
(4, 99, 36, 2, 0),
(4, 100, 76, 3, 1),
(5, 2, 61, 2, 1),
(5, 3, 30, 1, 1),
(5, 5, 34, 3, 1),
(5, 6, 92, 1, 1),
(5, 7, 88, 3, 0),
(5, 8, 23, 2, 1),
(5, 9, 11, 1, 1),
(5, 10, 92, 3, 0),
(5, 11, 9, 1, 1),
(5, 12, 100, 1, 0),
(5, 13, 30, 1, 1),
(5, 14, 67, 1, 1),
(5, 15, 42, 2, 1),
(5, 16, 33, 2, 1),
(5, 17, 69, 3, 1),
(5, 18, 64, 3, 1),
(5, 19, 45, 2, 1),
(5, 20, 48, 2, 1),
(5, 21, 61, 2, 1),
(5, 23, 15, 2, 1),
(5, 24, 14, 2, 1),
(5, 25, 72, 3, 1),
(5, 26, 93, 2, 1),
(5, 27, 6, 3, 1),
(5, 28, 62, 1, 1),
(5, 29, 34, 2, 1),
(5, 30, 47, 3, 1),
(5, 31, 21, 1, 1),
(5, 32, 57, 3, 1),
(5, 33, 35, 2, 1),
(5, 34, 76, 1, 0),
(5, 35, 26, 1, 1),
(5, 36, 66, 2, 1),
(5, 37, 26, 2, 1),
(5, 38, 21, 1, 1),
(5, 39, 39, 3, 1),
(5, 40, 22, 2, 1),
(5, 41, 50, 2, 1),
(5, 42, 80, 1, 0),
(5, 43, 15, 3, 1),
(5, 44, 85, 1, 1),
(5, 46, 38, 1, 1),
(5, 47, 10, 1, 0),
(5, 48, 63, 1, 0),
(5, 49, 69, 3, 1),
(5, 51, 58, 3, 0),
(5, 53, 45, 1, 1),
(5, 55, 47, 1, 1),
(5, 56, 99, 2, 1),
(5, 57, 3, 2, 1),
(5, 58, 99, 1, 1),
(5, 59, 15, 1, 1),
(5, 60, 21, 2, 1),
(5, 61, 28, 3, 1),
(5, 62, 82, 1, 1),
(5, 63, 45, 1, 0),
(5, 64, 18, 2, 1),
(5, 65, 34, 1, 1),
(5, 66, 43, 1, 1),
(5, 67, 25, 3, 1),
(5, 68, 12, 3, 0),
(5, 69, 59, 1, 1),
(5, 72, 86, 1, 1),
(5, 73, 26, 1, 0),
(5, 74, 53, 2, 1),
(5, 75, 97, 1, 1),
(6, 1, 58, 2, 0),
(6, 2, 97, 3, 1),
(6, 4, 35, 2, 0),
(6, 5, 29, 2, 0),
(6, 7, 76, 1, 1),
(6, 8, 84, 3, 1),
(6, 9, 6, 2, 1),
(6, 10, 61, 3, 1),
(6, 11, 45, 3, 1),
(6, 15, 5, 2, 1),
(6, 16, 67, 3, 1),
(6, 17, 75, 3, 0),
(6, 18, 11, 2, 0),
(6, 19, 37, 2, 1),
(6, 21, 81, 1, 1),
(6, 22, 38, 1, 1),
(6, 23, 21, 3, 1),
(6, 24, 14, 3, 0),
(6, 25, 55, 3, 0),
(6, 26, 86, 1, 1),
(6, 29, 74, 2, 1),
(6, 30, 73, 1, 1),
(6, 31, 95, 1, 1),
(6, 32, 37, 3, 0),
(6, 35, 31, 1, 1),
(6, 36, 27, 3, 1),
(6, 37, 27, 2, 1),
(6, 38, 17, 1, 1),
(6, 39, 66, 2, 1),
(6, 40, 2, 1, 1),
(6, 41, 36, 3, 0),
(6, 42, 98, 1, 1),
(6, 43, 61, 3, 1),
(6, 44, 6, 3, 1),
(6, 45, 81, 2, 1),
(6, 46, 41, 3, 1),
(6, 47, 51, 1, 1),
(6, 49, 38, 3, 1),
(6, 50, 43, 2, 0),
(6, 52, 92, 1, 0),
(6, 53, 40, 1, 1),
(6, 54, 3, 1, 0),
(6, 55, 51, 3, 1),
(6, 57, 50, 3, 1),
(6, 59, 69, 1, 1),
(6, 60, 74, 3, 1),
(6, 61, 55, 1, 1),
(6, 62, 61, 2, 0),
(6, 63, 63, 2, 0),
(6, 64, 94, 3, 1),
(6, 65, 60, 2, 1),
(6, 66, 89, 3, 1),
(6, 67, 11, 1, 1),
(6, 68, 31, 3, 1),
(6, 69, 33, 1, 1),
(6, 71, 97, 2, 0),
(6, 72, 60, 3, 1),
(6, 73, 31, 2, 1),
(6, 74, 84, 1, 1),
(6, 75, 20, 3, 0),
(6, 76, 38, 3, 1),
(6, 77, 53, 1, 1),
(6, 78, 14, 2, 1),
(6, 80, 64, 1, 1),
(6, 82, 59, 3, 1),
(6, 83, 53, 3, 1),
(6, 85, 40, 2, 1),
(6, 86, 84, 3, 1),
(6, 87, 50, 2, 1),
(6, 91, 66, 3, 1),
(6, 92, 48, 1, 0),
(6, 94, 46, 1, 1),
(6, 95, 75, 2, 1),
(6, 96, 69, 1, 0),
(6, 97, 86, 3, 1),
(6, 99, 80, 3, 1),
(6, 100, 16, 1, 1),
(7, 2, 39, 3, 1),
(7, 6, 15, 1, 1),
(7, 7, 41, 3, 0),
(7, 8, 57, 3, 1),
(7, 9, 69, 2, 0),
(7, 10, 22, 2, 1),
(7, 12, 66, 3, 1),
(7, 13, 89, 1, 1),
(7, 16, 81, 1, 0),
(7, 17, 95, 2, 0),
(7, 18, 57, 1, 1),
(7, 19, 48, 2, 1),
(7, 20, 65, 1, 1),
(7, 21, 23, 2, 1),
(7, 22, 96, 1, 1),
(7, 23, 85, 1, 1),
(7, 24, 93, 2, 1),
(7, 25, 90, 1, 1),
(7, 26, 45, 3, 1),
(7, 27, 100, 1, 1),
(7, 28, 34, 1, 1),
(7, 29, 9, 2, 1),
(7, 31, 47, 2, 1),
(7, 32, 69, 2, 1),
(7, 33, 23, 3, 1),
(7, 34, 23, 1, 1),
(7, 35, 29, 2, 0),
(7, 36, 80, 1, 1),
(7, 37, 43, 1, 1),
(7, 38, 63, 1, 1),
(7, 39, 16, 2, 0),
(7, 40, 11, 1, 0),
(7, 41, 100, 2, 1),
(7, 42, 38, 2, 1),
(7, 43, 42, 2, 0),
(7, 44, 20, 1, 1),
(7, 45, 87, 2, 0),
(7, 46, 7, 1, 1),
(7, 47, 91, 2, 1),
(7, 48, 90, 1, 1),
(7, 49, 65, 1, 1),
(7, 50, 62, 3, 1),
(7, 54, 71, 1, 1),
(7, 55, 18, 3, 1),
(7, 56, 99, 2, 0),
(7, 57, 17, 1, 1),
(7, 58, 46, 3, 1),
(7, 62, 1, 1, 1),
(7, 63, 84, 1, 0),
(7, 64, 85, 1, 1),
(7, 66, 79, 2, 1),
(7, 67, 83, 1, 1),
(7, 68, 88, 2, 1),
(7, 69, 4, 2, 1),
(7, 70, 95, 2, 1),
(7, 71, 52, 2, 1),
(7, 74, 100, 1, 1),
(7, 75, 48, 2, 1),
(7, 79, 35, 1, 1),
(7, 80, 24, 1, 1),
(7, 82, 5, 2, 1),
(7, 83, 56, 3, 1),
(7, 84, 78, 1, 0),
(7, 85, 31, 2, 1),
(7, 86, 70, 1, 1),
(7, 87, 39, 2, 1),
(7, 88, 35, 2, 1),
(7, 90, 52, 2, 1),
(7, 92, 6, 3, 1),
(7, 94, 27, 1, 1),
(7, 95, 60, 1, 1),
(7, 96, 45, 3, 0),
(7, 97, 65, 3, 0),
(7, 98, 74, 1, 1),
(7, 99, 18, 1, 1),
(7, 101, 100, 2, 1),
(7, 103, 17, 3, 1),
(7, 104, 11, 3, 1),
(7, 106, 72, 3, 1),
(7, 107, 46, 2, 1),
(7, 108, 63, 2, 1),
(7, 109, 97, 2, 1),
(7, 111, 100, 1, 0),
(7, 112, 7, 3, 1),
(7, 113, 90, 1, 1),
(7, 115, 23, 3, 1),
(7, 116, 71, 3, 1),
(7, 119, 88, 3, 1),
(7, 120, 55, 2, 1),
(7, 122, 52, 2, 1),
(7, 123, 22, 3, 1),
(7, 124, 30, 2, 1),
(7, 125, 14, 2, 0),
(7, 126, 53, 1, 0),
(7, 127, 40, 3, 1),
(7, 128, 45, 3, 1),
(7, 129, 47, 3, 1),
(7, 133, 81, 2, 1),
(7, 134, 79, 3, 1),
(7, 135, 35, 1, 0),
(7, 136, 53, 2, 1),
(7, 138, 33, 1, 1),
(7, 139, 63, 2, 1),
(7, 140, 27, 3, 0),
(7, 141, 41, 3, 1),
(7, 142, 7, 1, 1),
(7, 143, 79, 2, 1),
(7, 146, 35, 3, 1),
(7, 148, 89, 2, 1),
(8, 2, 22, 3, 1),
(8, 3, 9, 3, 1),
(8, 4, 96, 2, 0),
(8, 5, 54, 1, 1),
(8, 7, 39, 2, 1),
(8, 8, 7, 2, 1),
(8, 9, 20, 1, 0),
(8, 10, 55, 3, 1),
(8, 12, 58, 3, 1),
(8, 13, 96, 2, 0),
(8, 14, 80, 1, 1),
(8, 15, 91, 2, 1),
(8, 16, 79, 1, 1),
(8, 17, 38, 3, 1),
(8, 18, 21, 1, 1),
(8, 19, 17, 3, 1),
(8, 20, 70, 1, 1),
(8, 21, 96, 2, 1),
(8, 22, 95, 1, 1),
(8, 23, 7, 2, 1),
(8, 24, 16, 1, 1),
(8, 25, 90, 1, 0),
(8, 26, 62, 3, 1),
(8, 30, 53, 2, 1),
(8, 31, 10, 3, 1),
(8, 33, 52, 3, 0),
(8, 34, 70, 2, 1),
(8, 35, 38, 1, 1),
(8, 36, 29, 3, 1),
(8, 37, 78, 2, 1),
(8, 38, 73, 1, 1),
(8, 39, 5, 1, 1),
(8, 40, 37, 2, 1),
(8, 41, 98, 2, 1),
(8, 43, 59, 3, 1),
(8, 44, 59, 1, 1),
(8, 45, 39, 3, 1),
(8, 46, 65, 3, 1),
(8, 47, 53, 3, 1),
(8, 48, 62, 3, 0),
(8, 50, 90, 2, 0),
(8, 51, 28, 2, 1),
(8, 52, 45, 2, 1),
(8, 54, 7, 3, 1),
(8, 55, 82, 3, 0),
(8, 56, 39, 1, 1),
(8, 57, 6, 2, 1),
(8, 58, 71, 3, 1),
(8, 59, 100, 2, 1),
(8, 60, 83, 3, 1),
(8, 61, 55, 1, 1),
(8, 62, 2, 3, 0),
(8, 63, 36, 3, 0),
(8, 65, 52, 3, 1),
(8, 66, 98, 2, 1),
(8, 67, 18, 2, 1),
(8, 68, 25, 3, 1),
(8, 69, 25, 3, 1),
(8, 70, 39, 2, 1),
(8, 72, 73, 3, 1),
(8, 73, 89, 1, 1),
(8, 74, 32, 2, 1),
(8, 75, 22, 3, 1),
(8, 76, 90, 2, 0),
(8, 77, 54, 2, 1),
(8, 78, 70, 1, 1),
(8, 79, 31, 1, 1),
(8, 80, 31, 2, 1),
(8, 81, 13, 1, 1),
(8, 82, 31, 3, 1),
(8, 83, 14, 3, 0),
(8, 84, 23, 1, 1),
(8, 85, 5, 2, 1),
(8, 87, 80, 1, 1),
(8, 88, 85, 3, 1),
(8, 89, 50, 1, 1),
(8, 90, 79, 3, 0),
(8, 91, 39, 2, 0),
(8, 92, 72, 3, 1),
(8, 93, 10, 3, 1),
(8, 94, 75, 2, 1),
(8, 95, 58, 2, 1),
(8, 96, 97, 1, 1),
(8, 97, 92, 1, 1),
(8, 98, 95, 1, 1),
(9, 2, 28, 2, 1),
(9, 3, 1, 2, 1),
(9, 4, 80, 3, 1),
(9, 5, 70, 3, 1),
(9, 6, 60, 3, 1),
(9, 7, 94, 1, 1),
(9, 8, 43, 3, 1),
(9, 9, 94, 1, 1),
(9, 10, 53, 3, 0),
(9, 11, 53, 2, 1),
(9, 12, 54, 1, 0),
(9, 15, 40, 1, 0),
(9, 16, 45, 2, 1),
(9, 17, 19, 1, 1),
(9, 18, 4, 3, 1),
(9, 19, 44, 2, 1),
(9, 20, 75, 1, 1),
(9, 21, 52, 2, 1),
(9, 22, 3, 1, 1),
(9, 23, 79, 3, 1),
(9, 25, 63, 3, 0),
(9, 26, 65, 1, 0),
(9, 27, 47, 1, 1),
(9, 28, 77, 2, 1),
(9, 29, 87, 2, 1),
(9, 30, 64, 2, 1),
(9, 31, 49, 3, 1),
(9, 32, 88, 1, 0),
(9, 33, 39, 2, 1),
(9, 34, 77, 3, 0),
(9, 35, 11, 2, 0),
(9, 36, 93, 3, 0),
(9, 37, 87, 2, 1),
(9, 38, 16, 3, 1),
(9, 39, 77, 2, 1),
(9, 40, 89, 3, 1),
(9, 41, 18, 2, 1),
(9, 42, 69, 2, 1),
(9, 43, 3, 3, 1),
(9, 44, 8, 2, 1),
(9, 46, 20, 2, 0),
(9, 47, 38, 1, 1),
(9, 48, 93, 1, 1),
(9, 49, 78, 1, 1),
(9, 50, 19, 3, 1),
(9, 51, 4, 2, 1),
(9, 52, 84, 2, 0),
(9, 54, 23, 1, 1),
(9, 55, 18, 2, 1),
(9, 56, 98, 1, 1),
(9, 57, 94, 1, 1),
(9, 58, 76, 2, 1),
(9, 60, 6, 1, 1),
(9, 61, 73, 1, 1),
(9, 62, 77, 2, 1),
(9, 63, 91, 1, 1),
(9, 64, 48, 3, 1),
(9, 65, 27, 2, 1),
(9, 66, 26, 2, 0),
(9, 67, 47, 3, 1),
(9, 68, 20, 1, 0),
(9, 70, 88, 2, 1),
(9, 71, 10, 2, 1),
(9, 72, 49, 2, 1),
(9, 73, 16, 1, 1),
(9, 74, 80, 3, 1),
(10, 4, 10, 3, 1),
(10, 5, 38, 1, 1),
(10, 7, 16, 2, 1),
(10, 8, 71, 2, 1),
(10, 9, 63, 1, 1),
(10, 10, 53, 3, 1),
(10, 12, 32, 2, 1),
(10, 14, 79, 3, 1),
(10, 15, 23, 1, 1),
(10, 16, 70, 3, 1),
(10, 18, 34, 3, 1),
(10, 20, 9, 3, 0),
(10, 21, 72, 2, 1),
(10, 22, 37, 3, 1),
(10, 23, 28, 2, 1),
(10, 24, 48, 2, 1),
(10, 25, 31, 1, 1),
(10, 29, 12, 2, 1),
(10, 30, 62, 1, 1),
(10, 32, 21, 2, 1),
(10, 33, 1, 1, 1),
(10, 34, 42, 2, 1),
(10, 35, 29, 1, 1),
(10, 36, 61, 3, 1),
(10, 38, 44, 2, 1),
(10, 39, 83, 2, 1),
(10, 40, 83, 1, 1),
(10, 41, 18, 3, 0),
(10, 42, 66, 1, 1),
(10, 43, 18, 1, 0),
(10, 44, 30, 2, 1),
(10, 45, 42, 1, 0),
(10, 46, 58, 2, 1),
(10, 47, 4, 1, 1),
(10, 49, 70, 2, 1),
(10, 50, 61, 1, 0),
(10, 51, 87, 1, 1),
(10, 52, 13, 1, 1),
(10, 53, 85, 3, 1),
(10, 56, 98, 3, 1),
(10, 57, 34, 1, 1),
(10, 58, 49, 1, 0),
(10, 63, 62, 1, 1),
(10, 64, 23, 3, 0),
(10, 65, 74, 2, 1),
(10, 67, 27, 2, 1),
(10, 68, 60, 2, 1),
(10, 69, 81, 1, 1),
(10, 70, 8, 3, 1),
(10, 71, 46, 1, 1),
(10, 73, 49, 2, 1),
(10, 75, 55, 2, 1),
(10, 76, 72, 3, 1),
(10, 77, 33, 1, 1),
(10, 78, 60, 3, 1),
(10, 79, 71, 2, 1),
(10, 80, 28, 1, 0),
(10, 82, 4, 2, 1),
(10, 84, 69, 3, 1),
(10, 85, 80, 3, 1),
(10, 86, 5, 1, 1),
(10, 87, 80, 1, 1),
(10, 88, 67, 3, 1),
(10, 90, 89, 2, 1),
(10, 91, 85, 3, 1),
(10, 93, 68, 2, 1),
(10, 94, 64, 3, 1),
(10, 95, 50, 1, 1),
(10, 97, 53, 3, 1),
(10, 99, 85, 2, 0),
(10, 101, 88, 1, 1),
(10, 102, 20, 1, 0),
(10, 103, 22, 3, 0),
(10, 104, 51, 2, 1),
(10, 105, 98, 2, 1),
(10, 108, 39, 3, 0),
(10, 110, 81, 2, 1),
(10, 111, 32, 1, 1),
(10, 112, 72, 3, 1),
(10, 113, 38, 3, 1),
(10, 115, 81, 1, 1),
(10, 117, 95, 3, 1),
(10, 118, 94, 1, 1),
(10, 119, 100, 1, 1),
(10, 121, 79, 3, 1),
(10, 123, 57, 3, 1),
(10, 124, 35, 1, 1),
(10, 125, 2, 2, 1),
(11, 1, 32, 3, 1),
(11, 2, 49, 3, 0),
(11, 3, 19, 3, 1),
(11, 4, 56, 2, 1),
(11, 5, 81, 3, 0),
(11, 6, 47, 1, 1),
(11, 7, 2, 1, 1),
(11, 8, 60, 2, 0),
(11, 9, 42, 1, 1),
(11, 10, 44, 1, 1),
(11, 13, 67, 1, 1),
(11, 14, 84, 2, 1),
(11, 15, 57, 2, 0),
(11, 16, 84, 2, 0),
(11, 17, 30, 1, 1),
(11, 18, 65, 1, 1),
(11, 19, 72, 1, 1),
(11, 21, 34, 1, 0),
(11, 22, 13, 1, 1),
(11, 23, 45, 2, 1),
(11, 24, 36, 3, 0),
(11, 26, 46, 2, 1),
(11, 27, 26, 2, 1),
(11, 28, 89, 1, 1),
(11, 29, 81, 1, 1),
(11, 30, 93, 2, 1),
(11, 31, 88, 1, 0),
(11, 32, 57, 3, 1),
(11, 33, 51, 3, 1),
(11, 34, 63, 3, 1),
(11, 35, 30, 3, 1),
(11, 36, 76, 1, 1),
(11, 37, 62, 1, 1),
(11, 38, 89, 1, 0),
(11, 39, 35, 3, 0),
(11, 40, 12, 3, 0),
(11, 41, 68, 1, 0),
(11, 42, 3, 3, 1),
(11, 43, 26, 1, 1),
(11, 44, 87, 3, 1),
(11, 46, 70, 2, 1),
(11, 47, 49, 1, 1),
(11, 48, 93, 2, 1),
(11, 49, 82, 1, 1),
(11, 50, 61, 2, 1),
(11, 51, 53, 2, 1),
(11, 52, 4, 3, 1),
(11, 53, 8, 1, 0),
(11, 57, 60, 1, 1),
(11, 58, 31, 2, 0),
(11, 59, 18, 1, 1),
(11, 61, 34, 1, 1),
(11, 63, 13, 2, 0),
(11, 65, 26, 2, 1),
(11, 66, 11, 2, 0),
(11, 67, 20, 3, 0),
(11, 68, 59, 1, 0),
(11, 69, 21, 1, 1),
(11, 70, 27, 2, 1),
(11, 71, 59, 3, 1),
(11, 72, 69, 2, 1),
(11, 73, 43, 1, 0),
(11, 75, 36, 3, 1),
(11, 76, 32, 2, 1),
(11, 78, 52, 3, 0),
(11, 79, 58, 2, 1),
(11, 80, 67, 3, 1),
(11, 81, 62, 2, 1),
(11, 82, 66, 3, 1),
(11, 83, 17, 3, 0),
(11, 84, 30, 3, 1),
(11, 85, 39, 2, 1),
(11, 87, 69, 1, 1),
(11, 90, 18, 3, 1),
(11, 91, 83, 3, 0),
(11, 93, 81, 1, 1),
(11, 94, 98, 3, 1),
(11, 95, 55, 3, 1),
(11, 97, 26, 2, 1),
(11, 98, 83, 1, 1),
(11, 99, 87, 1, 1),
(12, 1, 23, 1, 1),
(12, 3, 20, 3, 1),
(12, 6, 75, 3, 1),
(12, 7, 87, 3, 1),
(12, 8, 70, 3, 1),
(12, 9, 8, 2, 1),
(12, 10, 87, 3, 1),
(12, 11, 75, 1, 1),
(12, 13, 3, 1, 1),
(12, 14, 67, 2, 1),
(12, 15, 74, 1, 1),
(12, 16, 9, 3, 1),
(12, 18, 67, 1, 1),
(12, 22, 8, 3, 1),
(12, 24, 74, 2, 1),
(12, 25, 80, 1, 0),
(12, 26, 44, 1, 1),
(12, 27, 45, 3, 1),
(12, 28, 38, 1, 1),
(12, 29, 21, 1, 1),
(12, 30, 38, 3, 1),
(12, 31, 7, 2, 1),
(12, 32, 26, 1, 1),
(12, 33, 9, 3, 1),
(12, 34, 76, 3, 1),
(12, 36, 25, 1, 0),
(12, 37, 42, 1, 1),
(12, 38, 62, 3, 1),
(12, 39, 26, 3, 1),
(12, 40, 67, 1, 1),
(12, 41, 52, 1, 1),
(12, 42, 69, 3, 0),
(12, 43, 8, 1, 1),
(12, 44, 86, 1, 0),
(12, 45, 43, 2, 1),
(12, 46, 47, 1, 1),
(12, 48, 100, 2, 1),
(12, 49, 100, 2, 1),
(12, 50, 100, 2, 1),
(12, 51, 22, 1, 1),
(12, 53, 98, 2, 0),
(12, 54, 63, 2, 0),
(12, 55, 2, 3, 1),
(12, 56, 70, 2, 1),
(12, 57, 54, 2, 1),
(12, 59, 80, 1, 1),
(12, 60, 4, 2, 1),
(12, 61, 43, 1, 1),
(12, 62, 100, 2, 1),
(12, 63, 58, 1, 1),
(12, 64, 39, 1, 1),
(12, 65, 26, 2, 1),
(12, 67, 10, 2, 1),
(12, 68, 100, 3, 1),
(12, 69, 75, 1, 0),
(12, 70, 17, 3, 1),
(12, 71, 70, 1, 1),
(12, 72, 23, 2, 1),
(12, 73, 59, 2, 1),
(12, 74, 63, 2, 1),
(12, 75, 19, 3, 1),
(12, 76, 73, 2, 1),
(12, 78, 33, 3, 1),
(12, 79, 25, 1, 1),
(12, 83, 34, 3, 0),
(12, 84, 46, 1, 0),
(12, 85, 33, 1, 1),
(12, 86, 59, 1, 1),
(12, 88, 4, 2, 1),
(12, 89, 96, 2, 0),
(12, 90, 53, 1, 0),
(12, 91, 91, 2, 0),
(12, 92, 98, 1, 0),
(12, 93, 53, 1, 1),
(12, 95, 77, 2, 1),
(12, 96, 23, 1, 1),
(12, 97, 34, 2, 1),
(12, 98, 24, 3, 1),
(12, 99, 94, 2, 1),
(13, 1, 52, 3, 0),
(13, 2, 23, 3, 1),
(13, 3, 1, 1, 0),
(13, 4, 2, 1, 1),
(13, 5, 64, 3, 1),
(13, 6, 28, 3, 1),
(13, 7, 4, 3, 1),
(13, 8, 79, 1, 1),
(13, 9, 6, 1, 1),
(13, 10, 10, 3, 1),
(13, 11, 96, 3, 1),
(13, 12, 19, 3, 1),
(13, 13, 31, 1, 1),
(13, 14, 20, 1, 1),
(13, 15, 68, 2, 1),
(13, 16, 94, 1, 0),
(13, 17, 22, 3, 1),
(13, 18, 77, 2, 1),
(13, 19, 43, 1, 1),
(13, 20, 28, 1, 0),
(13, 21, 97, 2, 1),
(13, 22, 29, 2, 1),
(13, 24, 61, 3, 1),
(13, 25, 63, 3, 1),
(13, 26, 21, 3, 0),
(13, 27, 1, 2, 1),
(13, 29, 6, 3, 1),
(13, 31, 45, 2, 0),
(13, 32, 2, 2, 0),
(13, 33, 1, 3, 1),
(13, 34, 20, 3, 0),
(13, 36, 56, 3, 0),
(13, 37, 10, 1, 1),
(13, 38, 2, 2, 1),
(13, 40, 69, 1, 1),
(13, 41, 62, 2, 1),
(13, 42, 84, 1, 1),
(13, 43, 13, 3, 1),
(13, 44, 76, 3, 0),
(13, 45, 91, 3, 1),
(13, 46, 7, 3, 1),
(13, 47, 23, 1, 1),
(13, 48, 18, 1, 1),
(13, 49, 2, 1, 0),
(13, 50, 21, 2, 1),
(13, 51, 49, 3, 1),
(13, 53, 79, 1, 0),
(13, 55, 77, 2, 1),
(13, 58, 52, 3, 1),
(13, 59, 13, 1, 1),
(13, 60, 45, 1, 0),
(13, 61, 15, 1, 1),
(13, 62, 40, 3, 1),
(13, 63, 74, 1, 1),
(13, 64, 75, 2, 1),
(13, 65, 30, 2, 1),
(13, 66, 85, 3, 1),
(13, 68, 46, 2, 1),
(13, 69, 63, 2, 0),
(13, 71, 78, 1, 1),
(13, 74, 86, 1, 0),
(13, 75, 39, 1, 0),
(13, 76, 20, 2, 1),
(13, 77, 13, 3, 1),
(13, 80, 35, 3, 1),
(13, 82, 12, 3, 0),
(13, 84, 64, 2, 1),
(13, 85, 5, 3, 1),
(13, 86, 91, 1, 1),
(13, 87, 41, 1, 1),
(13, 89, 72, 2, 1),
(13, 91, 18, 2, 1),
(13, 92, 14, 1, 0),
(13, 93, 13, 2, 1),
(13, 94, 54, 1, 1),
(13, 95, 36, 1, 1),
(13, 96, 50, 2, 0),
(13, 97, 97, 3, 1),
(13, 98, 49, 1, 1),
(13, 99, 11, 1, 0),
(14, 1, 80, 3, 1),
(14, 2, 32, 2, 1),
(14, 3, 33, 3, 1),
(14, 4, 15, 1, 1),
(14, 5, 87, 3, 0),
(14, 6, 33, 3, 1),
(14, 7, 90, 3, 1),
(14, 8, 41, 1, 1),
(14, 9, 31, 2, 1),
(14, 10, 54, 1, 1),
(14, 11, 54, 1, 1),
(14, 12, 39, 2, 1),
(14, 13, 51, 2, 1),
(14, 14, 70, 1, 1),
(14, 16, 2, 2, 1),
(14, 17, 41, 3, 1),
(14, 18, 11, 1, 1),
(14, 20, 6, 1, 1),
(14, 21, 14, 2, 1),
(14, 23, 36, 2, 1),
(14, 25, 62, 2, 1),
(14, 27, 50, 2, 1),
(14, 28, 6, 1, 1),
(14, 29, 59, 2, 1),
(14, 30, 39, 2, 1),
(14, 31, 31, 3, 1),
(14, 33, 32, 3, 1),
(14, 34, 73, 1, 1),
(14, 35, 78, 1, 0),
(14, 36, 44, 2, 0),
(14, 37, 98, 3, 1),
(14, 38, 10, 2, 1),
(14, 39, 79, 3, 0),
(14, 40, 31, 1, 1),
(14, 41, 89, 1, 0),
(14, 44, 98, 1, 1),
(14, 45, 17, 1, 1),
(14, 46, 75, 1, 0),
(14, 47, 61, 3, 1),
(14, 48, 44, 3, 1),
(14, 50, 2, 3, 0),
(14, 51, 22, 2, 1),
(14, 52, 8, 1, 1),
(14, 55, 74, 2, 1),
(14, 56, 38, 2, 1),
(14, 57, 98, 2, 1),
(14, 59, 56, 3, 0),
(14, 60, 99, 3, 1),
(14, 61, 17, 3, 1),
(14, 62, 86, 3, 1),
(14, 64, 46, 2, 1),
(14, 65, 43, 1, 1),
(14, 67, 99, 1, 1),
(14, 68, 61, 2, 0),
(14, 69, 34, 2, 1),
(14, 70, 22, 3, 1),
(14, 71, 98, 1, 1),
(14, 72, 85, 3, 1),
(14, 73, 26, 3, 1),
(14, 74, 31, 2, 1),
(14, 76, 82, 1, 0),
(14, 77, 96, 3, 1),
(14, 78, 61, 2, 0),
(14, 79, 48, 1, 1),
(14, 80, 70, 2, 1),
(14, 81, 35, 1, 0),
(14, 82, 8, 3, 1),
(14, 85, 29, 1, 0),
(14, 86, 99, 2, 1),
(14, 89, 89, 3, 1),
(14, 90, 32, 1, 1),
(14, 94, 56, 2, 1),
(14, 95, 29, 2, 1),
(14, 96, 63, 2, 1),
(14, 97, 49, 1, 1),
(14, 98, 14, 1, 1),
(14, 99, 78, 1, 1),
(14, 100, 55, 2, 1),
(15, 5, 56, 2, 1),
(15, 6, 54, 2, 0),
(15, 7, 37, 1, 1),
(15, 11, 70, 1, 1),
(15, 13, 74, 2, 1),
(15, 14, 8, 2, 0),
(15, 15, 91, 3, 1),
(15, 18, 80, 3, 1),
(15, 21, 54, 3, 1),
(15, 22, 91, 2, 1),
(15, 24, 3, 2, 1),
(15, 26, 72, 3, 1),
(15, 27, 92, 1, 1),
(15, 28, 16, 3, 1),
(15, 30, 9, 2, 1),
(15, 31, 63, 2, 0),
(15, 32, 12, 3, 0),
(15, 33, 25, 3, 1),
(15, 34, 30, 3, 1),
(15, 35, 43, 3, 1),
(15, 37, 48, 2, 1),
(15, 39, 65, 2, 1),
(15, 40, 58, 3, 1),
(15, 41, 86, 3, 1),
(15, 42, 38, 2, 1),
(15, 43, 64, 3, 0),
(15, 44, 98, 2, 1),
(15, 49, 1, 2, 1),
(15, 51, 86, 1, 1),
(15, 52, 16, 3, 1),
(15, 54, 86, 1, 1),
(15, 55, 27, 1, 1),
(15, 57, 33, 1, 1),
(15, 58, 25, 2, 1),
(15, 59, 25, 1, 0),
(15, 60, 97, 1, 0),
(15, 63, 17, 2, 1),
(15, 65, 73, 1, 1),
(15, 66, 44, 2, 1),
(15, 69, 33, 2, 1),
(15, 70, 53, 1, 0),
(15, 72, 31, 1, 1),
(15, 73, 44, 1, 1),
(15, 74, 94, 1, 1),
(15, 77, 20, 1, 1),
(15, 79, 83, 2, 1),
(15, 80, 79, 2, 1),
(15, 82, 19, 1, 1),
(15, 84, 98, 2, 1),
(15, 88, 25, 2, 1),
(15, 95, 3, 1, 0),
(15, 96, 8, 1, 0),
(15, 97, 7, 3, 1),
(15, 100, 11, 1, 1),
(15, 101, 50, 1, 1),
(15, 103, 1, 3, 0),
(15, 105, 17, 3, 1),
(15, 107, 54, 1, 1),
(15, 116, 40, 3, 1),
(15, 118, 27, 2, 1),
(15, 120, 6, 3, 1),
(15, 121, 83, 3, 1),
(15, 122, 52, 2, 0),
(15, 123, 99, 1, 1),
(15, 126, 76, 3, 1),
(15, 128, 15, 2, 1),
(15, 129, 35, 2, 1),
(15, 131, 53, 3, 0),
(15, 132, 13, 3, 1),
(15, 135, 93, 2, 0),
(15, 137, 50, 1, 1),
(15, 138, 37, 2, 0),
(15, 139, 40, 3, 0),
(15, 142, 82, 3, 1),
(15, 143, 32, 2, 1),
(15, 144, 53, 1, 1),
(15, 145, 56, 2, 1),
(15, 146, 48, 2, 1),
(15, 147, 63, 2, 1),
(15, 148, 68, 1, 1),
(15, 149, 53, 1, 0),
(15, 152, 91, 2, 0),
(15, 153, 26, 3, 1),
(15, 154, 43, 3, 1),
(15, 155, 40, 1, 1),
(15, 156, 93, 3, 1),
(15, 158, 28, 3, 1),
(15, 159, 5, 3, 1),
(15, 160, 30, 2, 1),
(15, 164, 65, 3, 1),
(15, 165, 94, 1, 1),
(15, 167, 25, 3, 1),
(15, 170, 50, 1, 1),
(15, 171, 75, 1, 1),
(15, 172, 54, 1, 0),
(15, 175, 42, 2, 0),
(15, 176, 90, 1, 1),
(15, 177, 20, 1, 0),
(15, 179, 36, 2, 1),
(15, 180, 53, 3, 1),
(15, 182, 86, 3, 1),
(15, 183, 10, 3, 1),
(15, 184, 62, 3, 1),
(15, 185, 48, 1, 1),
(15, 186, 32, 1, 1),
(15, 187, 82, 1, 0),
(15, 188, 36, 1, 0),
(15, 189, 53, 1, 1),
(15, 191, 5, 3, 1),
(15, 193, 73, 3, 0),
(15, 194, 19, 3, 1),
(15, 197, 75, 2, 1),
(16, 2, 13, 2, 1),
(16, 3, 50, 3, 1),
(16, 7, 43, 1, 0),
(16, 8, 19, 3, 1),
(16, 10, 40, 1, 1),
(16, 13, 41, 1, 1),
(16, 18, 11, 1, 1),
(16, 23, 68, 3, 1),
(16, 25, 90, 1, 1),
(16, 26, 53, 3, 1),
(16, 27, 86, 3, 0),
(16, 29, 28, 3, 0),
(16, 30, 43, 2, 1),
(16, 33, 28, 1, 1),
(16, 35, 42, 2, 0),
(16, 38, 74, 2, 1),
(16, 40, 92, 3, 1),
(16, 43, 15, 3, 0),
(16, 46, 76, 2, 1),
(16, 47, 53, 2, 1),
(16, 48, 26, 2, 1),
(16, 50, 71, 3, 1),
(16, 53, 74, 1, 1),
(16, 54, 68, 1, 1),
(16, 58, 9, 1, 1),
(16, 60, 34, 3, 1),
(16, 61, 82, 1, 1),
(16, 62, 82, 1, 1),
(16, 63, 26, 2, 1),
(16, 65, 11, 3, 1),
(16, 66, 16, 1, 1),
(16, 67, 68, 1, 1),
(16, 69, 38, 3, 0),
(16, 72, 37, 1, 1),
(16, 73, 73, 2, 1),
(16, 76, 77, 3, 0),
(16, 81, 80, 1, 1),
(16, 82, 19, 2, 1),
(16, 85, 10, 2, 1),
(16, 89, 63, 3, 1),
(16, 91, 52, 1, 1),
(16, 92, 39, 3, 1),
(16, 93, 82, 3, 1),
(16, 94, 94, 1, 1),
(16, 96, 72, 1, 1),
(16, 98, 50, 3, 1),
(16, 99, 24, 3, 1),
(16, 100, 81, 2, 1),
(16, 102, 14, 2, 1),
(16, 103, 40, 2, 1),
(16, 104, 13, 1, 1),
(16, 105, 23, 1, 1),
(16, 108, 96, 3, 1),
(16, 109, 57, 2, 1),
(16, 112, 11, 1, 1),
(16, 117, 31, 1, 1),
(16, 118, 5, 1, 1),
(16, 120, 13, 2, 1),
(16, 121, 97, 2, 1),
(16, 122, 17, 1, 0),
(16, 123, 47, 1, 1),
(16, 126, 30, 1, 1),
(16, 128, 60, 3, 1),
(16, 129, 65, 1, 1),
(16, 130, 7, 3, 0),
(16, 131, 16, 3, 1),
(16, 132, 88, 2, 1),
(16, 133, 16, 1, 1),
(16, 134, 52, 3, 0),
(16, 137, 47, 2, 1),
(16, 138, 73, 3, 1),
(16, 139, 100, 2, 0),
(16, 140, 3, 1, 1),
(16, 143, 4, 2, 1),
(16, 145, 30, 2, 1),
(16, 146, 33, 3, 1),
(16, 147, 13, 3, 1),
(16, 150, 72, 1, 0),
(16, 151, 77, 2, 1),
(16, 153, 88, 2, 1),
(16, 155, 51, 3, 1),
(16, 157, 21, 3, 1),
(16, 158, 66, 1, 1),
(16, 160, 28, 3, 1),
(16, 161, 16, 2, 1),
(16, 163, 31, 3, 0),
(16, 164, 47, 1, 1),
(16, 166, 45, 1, 1),
(16, 167, 27, 3, 0),
(16, 168, 88, 2, 1),
(16, 171, 56, 3, 1),
(16, 172, 86, 2, 1),
(16, 173, 51, 3, 1),
(16, 174, 16, 3, 1),
(16, 175, 44, 2, 0),
(16, 176, 80, 2, 1),
(16, 177, 96, 2, 1),
(16, 178, 87, 1, 0),
(16, 179, 66, 2, 1),
(16, 181, 1, 2, 1),
(16, 183, 78, 2, 1),
(16, 185, 48, 2, 1),
(16, 189, 69, 1, 1),
(16, 190, 91, 3, 1),
(16, 193, 24, 2, 1),
(16, 194, 89, 3, 1),
(16, 195, 69, 3, 1),
(16, 196, 77, 2, 1),
(16, 197, 100, 3, 0),
(16, 198, 77, 3, 1),
(16, 200, 2, 3, 1),
(17, 2, 15, 3, 1),
(17, 3, 86, 1, 0),
(17, 4, 49, 1, 1),
(17, 5, 44, 3, 1),
(17, 6, 71, 3, 1),
(17, 8, 34, 1, 1),
(17, 9, 22, 2, 1),
(17, 10, 14, 1, 1),
(17, 11, 54, 2, 1),
(17, 12, 77, 2, 0),
(17, 13, 50, 3, 0),
(17, 14, 10, 3, 1),
(17, 15, 37, 2, 1),
(17, 17, 67, 3, 1),
(17, 20, 14, 3, 1),
(17, 21, 43, 2, 1),
(17, 22, 78, 3, 1),
(17, 23, 83, 3, 0),
(17, 24, 27, 1, 1),
(17, 25, 89, 3, 1),
(17, 26, 76, 1, 1),
(17, 28, 27, 3, 1),
(17, 29, 76, 1, 1),
(17, 30, 82, 2, 1),
(17, 31, 52, 3, 1),
(17, 33, 50, 3, 1),
(17, 34, 44, 1, 1),
(17, 35, 63, 3, 0),
(17, 36, 100, 2, 1),
(17, 37, 85, 3, 1),
(17, 38, 82, 3, 1),
(17, 39, 90, 1, 1),
(17, 40, 100, 2, 1),
(17, 41, 62, 3, 0),
(17, 42, 28, 1, 1),
(17, 44, 2, 3, 1),
(17, 45, 31, 2, 1),
(17, 46, 8, 1, 1),
(17, 48, 96, 1, 1),
(17, 50, 9, 2, 1),
(17, 51, 100, 3, 1),
(17, 52, 73, 3, 0),
(17, 54, 2, 2, 0),
(17, 55, 78, 3, 1),
(17, 56, 20, 2, 1),
(17, 59, 84, 3, 1),
(17, 60, 54, 3, 1),
(17, 61, 21, 1, 1),
(17, 62, 80, 3, 1),
(17, 63, 92, 1, 1),
(17, 64, 51, 3, 1),
(17, 65, 54, 3, 0),
(17, 66, 61, 3, 0),
(17, 67, 34, 2, 1),
(17, 68, 90, 3, 1),
(17, 69, 2, 2, 1),
(17, 70, 8, 2, 1),
(17, 71, 31, 2, 1),
(17, 72, 47, 3, 1),
(17, 73, 23, 2, 1),
(17, 74, 74, 1, 1),
(17, 75, 81, 3, 0),
(17, 78, 17, 3, 1),
(17, 79, 69, 2, 1),
(17, 80, 57, 2, 1),
(17, 82, 45, 3, 0),
(17, 83, 28, 3, 1),
(17, 84, 54, 2, 1),
(17, 85, 67, 1, 1),
(17, 86, 76, 3, 1),
(17, 87, 79, 2, 1),
(17, 88, 21, 3, 1),
(17, 89, 68, 3, 1),
(17, 90, 8, 2, 1),
(17, 91, 66, 3, 1),
(17, 92, 100, 2, 1),
(17, 93, 93, 3, 1),
(17, 94, 50, 3, 1),
(17, 95, 69, 1, 0),
(17, 96, 47, 2, 1),
(17, 99, 19, 2, 0),
(17, 100, 42, 2, 1),
(18, 2, 30, 3, 0),
(18, 5, 92, 1, 0),
(18, 6, 41, 2, 1),
(18, 8, 53, 1, 1),
(18, 9, 91, 2, 1),
(18, 12, 15, 2, 1),
(18, 13, 31, 2, 1),
(18, 14, 46, 2, 1),
(18, 16, 65, 3, 1),
(18, 17, 28, 2, 0),
(18, 18, 77, 3, 1),
(18, 19, 60, 3, 1),
(18, 20, 92, 2, 0),
(18, 21, 39, 2, 1),
(18, 22, 20, 1, 1),
(18, 24, 49, 2, 1),
(18, 25, 100, 2, 1),
(18, 26, 18, 1, 1),
(18, 27, 44, 1, 1),
(18, 28, 31, 1, 1),
(18, 30, 47, 2, 1),
(18, 31, 51, 2, 1),
(18, 32, 20, 3, 0),
(18, 33, 9, 1, 1),
(18, 34, 93, 3, 1),
(18, 35, 43, 2, 1),
(18, 36, 21, 3, 1),
(18, 37, 40, 3, 1),
(18, 38, 54, 2, 0),
(18, 39, 59, 3, 0),
(18, 40, 11, 3, 1),
(18, 41, 8, 2, 0),
(18, 42, 74, 2, 1),
(18, 46, 27, 3, 1),
(18, 47, 95, 3, 1),
(18, 49, 18, 3, 0),
(18, 50, 65, 2, 1),
(18, 52, 71, 3, 1),
(18, 54, 4, 1, 1),
(18, 55, 34, 2, 1),
(18, 56, 74, 1, 1),
(18, 57, 4, 2, 1),
(18, 59, 43, 3, 0),
(18, 60, 41, 2, 1),
(18, 61, 2, 1, 1),
(18, 62, 68, 1, 1),
(18, 63, 35, 3, 1),
(18, 64, 46, 3, 1),
(18, 65, 45, 1, 1),
(18, 66, 15, 1, 0),
(18, 67, 67, 2, 1),
(18, 68, 51, 2, 1),
(18, 69, 82, 3, 0),
(18, 70, 56, 3, 0),
(18, 71, 7, 2, 1),
(18, 72, 68, 2, 0),
(18, 73, 83, 1, 1),
(18, 74, 97, 3, 1),
(18, 75, 32, 3, 1),
(18, 76, 95, 2, 0),
(18, 77, 9, 1, 1),
(18, 78, 3, 2, 1),
(18, 79, 4, 1, 1),
(18, 80, 41, 2, 1),
(18, 81, 82, 1, 1),
(18, 82, 38, 2, 1),
(18, 84, 53, 2, 1),
(18, 85, 84, 1, 0),
(18, 86, 35, 1, 0),
(18, 88, 38, 1, 0),
(18, 90, 11, 3, 1),
(18, 91, 19, 3, 1),
(18, 92, 27, 3, 0),
(18, 93, 93, 2, 1),
(18, 94, 83, 2, 1),
(18, 95, 62, 1, 1),
(18, 96, 79, 1, 0),
(18, 97, 95, 3, 1),
(18, 98, 68, 1, 1),
(18, 99, 87, 2, 1),
(18, 100, 4, 1, 0),
(19, 2, 22, 2, 0),
(19, 3, 48, 2, 1),
(19, 4, 22, 3, 0),
(19, 5, 74, 2, 1),
(19, 7, 75, 1, 1),
(19, 8, 13, 2, 1),
(19, 9, 99, 1, 1),
(19, 10, 52, 2, 1),
(19, 11, 1, 3, 1),
(19, 12, 10, 2, 1),
(19, 13, 11, 1, 1),
(19, 14, 55, 2, 1),
(19, 15, 39, 2, 1),
(19, 16, 13, 2, 1),
(19, 21, 59, 3, 1),
(19, 23, 26, 1, 0),
(19, 24, 92, 2, 1),
(19, 25, 56, 2, 1),
(19, 27, 35, 2, 0),
(19, 28, 54, 3, 1),
(19, 30, 55, 1, 1),
(19, 31, 19, 3, 0),
(19, 32, 93, 1, 1),
(19, 33, 35, 3, 1),
(19, 34, 97, 2, 1),
(19, 37, 64, 2, 0),
(19, 38, 25, 3, 1),
(19, 39, 53, 1, 1),
(19, 40, 5, 3, 0),
(19, 41, 27, 3, 1),
(19, 42, 1, 2, 1),
(19, 43, 77, 3, 1),
(19, 44, 64, 3, 1),
(19, 45, 25, 2, 1),
(19, 46, 19, 1, 1),
(19, 48, 17, 2, 0),
(19, 49, 71, 3, 1),
(19, 50, 82, 1, 1),
(19, 52, 62, 3, 1),
(19, 53, 6, 3, 1),
(19, 54, 91, 3, 1),
(19, 55, 54, 2, 1),
(19, 56, 17, 2, 1),
(19, 57, 79, 3, 1),
(19, 58, 99, 2, 1),
(19, 59, 43, 2, 0),
(19, 60, 57, 1, 1),
(19, 62, 92, 2, 1),
(19, 63, 97, 3, 1),
(19, 64, 86, 2, 1),
(19, 68, 19, 3, 1),
(19, 70, 38, 3, 1),
(19, 73, 83, 2, 1),
(19, 75, 96, 3, 1),
(19, 76, 84, 1, 1),
(19, 77, 54, 1, 1),
(19, 78, 91, 1, 1),
(19, 79, 35, 3, 1),
(19, 82, 84, 3, 0),
(19, 87, 15, 2, 0),
(19, 88, 86, 2, 1),
(19, 89, 11, 1, 1),
(19, 90, 84, 1, 1),
(19, 91, 6, 3, 1),
(19, 92, 51, 3, 1),
(19, 95, 30, 3, 1),
(19, 96, 91, 3, 1),
(19, 97, 30, 3, 0),
(19, 98, 64, 2, 1),
(19, 102, 57, 2, 1),
(19, 103, 47, 2, 0),
(19, 105, 7, 1, 1),
(19, 107, 40, 2, 1),
(19, 108, 58, 1, 1),
(19, 109, 72, 1, 1),
(19, 110, 82, 3, 1),
(19, 111, 18, 1, 1),
(19, 112, 63, 3, 1),
(19, 113, 59, 1, 1),
(19, 115, 15, 2, 1),
(19, 117, 5, 2, 0),
(19, 119, 36, 3, 0),
(19, 120, 74, 1, 1),
(19, 121, 35, 2, 1),
(19, 123, 94, 3, 1),
(19, 124, 62, 3, 1),
(20, 2, 30, 1, 1),
(20, 3, 6, 2, 1),
(20, 4, 77, 1, 1),
(20, 6, 57, 2, 1),
(20, 7, 57, 2, 1),
(20, 8, 53, 1, 1),
(20, 10, 78, 1, 1),
(20, 12, 14, 1, 0),
(20, 17, 3, 1, 1),
(20, 18, 80, 3, 1),
(20, 19, 100, 3, 1),
(20, 20, 76, 1, 0),
(20, 24, 89, 3, 1),
(20, 25, 73, 3, 1),
(20, 26, 10, 1, 1),
(20, 27, 35, 3, 0),
(20, 29, 52, 2, 1),
(20, 31, 44, 2, 0),
(20, 36, 27, 1, 1),
(20, 38, 12, 1, 1),
(20, 39, 15, 3, 1),
(20, 44, 43, 2, 0),
(20, 45, 20, 2, 1),
(20, 50, 100, 3, 1),
(20, 52, 62, 2, 0),
(20, 53, 61, 1, 1),
(20, 54, 30, 3, 1),
(20, 56, 70, 1, 1),
(20, 61, 72, 3, 1),
(20, 62, 27, 2, 1),
(20, 64, 19, 1, 0),
(20, 65, 87, 2, 0),
(20, 66, 3, 1, 1),
(20, 67, 67, 3, 1),
(20, 70, 74, 3, 1),
(20, 71, 42, 2, 1),
(20, 72, 93, 3, 1),
(20, 73, 64, 1, 1),
(20, 74, 46, 2, 0),
(20, 75, 74, 1, 0),
(20, 76, 43, 3, 1),
(20, 78, 4, 3, 1),
(20, 80, 72, 2, 0),
(20, 81, 74, 2, 0),
(20, 82, 14, 3, 1),
(20, 83, 67, 3, 1),
(20, 84, 60, 3, 1),
(20, 87, 31, 2, 1),
(20, 88, 33, 3, 1),
(20, 90, 94, 2, 1),
(20, 91, 2, 3, 1),
(20, 93, 7, 2, 0),
(20, 95, 50, 1, 1),
(20, 96, 48, 1, 1),
(20, 97, 37, 3, 1),
(20, 98, 61, 2, 1),
(20, 100, 100, 1, 1),
(20, 101, 23, 1, 1),
(20, 102, 45, 1, 1),
(20, 103, 82, 2, 0),
(20, 104, 32, 3, 1),
(20, 105, 69, 1, 1),
(20, 108, 50, 3, 1),
(20, 109, 76, 1, 0),
(20, 110, 37, 3, 0),
(20, 113, 57, 1, 1),
(20, 115, 63, 3, 1),
(20, 116, 78, 3, 1),
(20, 117, 44, 2, 1),
(20, 118, 47, 3, 1),
(20, 120, 67, 3, 1),
(20, 123, 99, 1, 0),
(20, 125, 94, 3, 1),
(20, 126, 90, 2, 1),
(20, 127, 22, 1, 1),
(20, 128, 79, 2, 1),
(20, 131, 48, 2, 1),
(20, 132, 68, 2, 1),
(20, 134, 80, 1, 1),
(20, 137, 56, 2, 1),
(20, 138, 2, 1, 1),
(20, 139, 28, 1, 1),
(20, 140, 2, 3, 1),
(20, 141, 10, 2, 1),
(20, 143, 2, 2, 1),
(20, 145, 78, 3, 1),
(20, 146, 14, 2, 1),
(20, 147, 13, 3, 1),
(20, 148, 10, 3, 1),
(20, 149, 5, 2, 1),
(20, 150, 82, 1, 1),
(21, 1, 34, 3, 1),
(21, 2, 54, 3, 1),
(21, 3, 82, 2, 1),
(21, 4, 14, 1, 1),
(21, 5, 31, 1, 1),
(21, 8, 29, 3, 1),
(21, 9, 83, 3, 1),
(21, 10, 6, 1, 1),
(21, 11, 94, 2, 1),
(21, 12, 10, 2, 1),
(21, 13, 23, 3, 0),
(21, 14, 97, 2, 0),
(21, 15, 55, 2, 1),
(21, 16, 40, 3, 1),
(21, 18, 84, 3, 0),
(21, 19, 61, 1, 1),
(21, 20, 7, 1, 1),
(21, 21, 76, 2, 0),
(21, 22, 58, 2, 1),
(21, 23, 60, 1, 1),
(21, 24, 98, 2, 1),
(21, 25, 32, 1, 1),
(21, 26, 97, 1, 1),
(21, 27, 40, 2, 1),
(21, 28, 33, 3, 1),
(21, 29, 72, 3, 0),
(21, 30, 73, 3, 1),
(21, 31, 21, 3, 1),
(21, 32, 43, 2, 1),
(21, 33, 21, 1, 1),
(21, 34, 27, 3, 1),
(21, 36, 19, 1, 1),
(21, 37, 59, 2, 0),
(21, 38, 91, 2, 1),
(21, 39, 66, 3, 1),
(21, 40, 22, 1, 1),
(21, 41, 70, 1, 1),
(21, 43, 10, 3, 1),
(21, 44, 98, 1, 1),
(21, 45, 18, 3, 0),
(21, 46, 75, 3, 0),
(21, 47, 9, 3, 0),
(21, 49, 79, 3, 1),
(21, 51, 71, 1, 1),
(21, 52, 78, 3, 1),
(21, 53, 84, 2, 1),
(21, 54, 14, 2, 1),
(21, 55, 56, 3, 1),
(21, 56, 71, 3, 1),
(21, 57, 100, 1, 1),
(21, 58, 15, 3, 1),
(21, 59, 22, 1, 1),
(21, 60, 74, 2, 1),
(21, 61, 67, 3, 1),
(21, 62, 56, 3, 0),
(21, 63, 40, 3, 1),
(21, 64, 97, 1, 1),
(21, 65, 48, 1, 1),
(21, 66, 79, 1, 1),
(21, 67, 17, 3, 0),
(21, 68, 46, 1, 1),
(21, 69, 88, 2, 0),
(21, 70, 36, 1, 1),
(21, 71, 58, 3, 0),
(21, 72, 1, 3, 0),
(21, 73, 67, 3, 1),
(21, 74, 57, 2, 1),
(21, 75, 75, 3, 1),
(22, 1, 49, 2, 0),
(22, 2, 90, 3, 1),
(22, 3, 87, 2, 1),
(22, 4, 8, 2, 0),
(22, 5, 47, 2, 1),
(22, 6, 56, 3, 1),
(22, 7, 31, 1, 1),
(22, 9, 57, 1, 1),
(22, 10, 22, 3, 1),
(22, 11, 65, 1, 0),
(22, 12, 28, 2, 1),
(22, 13, 24, 2, 1),
(22, 14, 57, 3, 1),
(22, 16, 90, 1, 1),
(22, 18, 67, 1, 1),
(22, 21, 68, 1, 1),
(22, 22, 79, 3, 1),
(22, 23, 6, 2, 0),
(22, 24, 61, 2, 1),
(22, 26, 39, 1, 1),
(22, 29, 53, 3, 1),
(22, 30, 44, 2, 0),
(22, 31, 88, 1, 1),
(22, 32, 15, 1, 1),
(22, 33, 61, 3, 1),
(22, 34, 88, 3, 1),
(22, 36, 89, 2, 1),
(22, 37, 76, 3, 1),
(22, 38, 26, 2, 0),
(22, 39, 74, 1, 1),
(22, 40, 64, 2, 1),
(22, 41, 79, 1, 1),
(22, 42, 53, 2, 1),
(22, 43, 25, 1, 1),
(22, 44, 9, 2, 1),
(22, 46, 46, 3, 1),
(22, 48, 97, 2, 1),
(22, 49, 54, 3, 0),
(22, 52, 7, 2, 1),
(22, 53, 77, 2, 1),
(22, 55, 16, 2, 0),
(22, 56, 60, 3, 1),
(22, 57, 84, 3, 1),
(22, 58, 86, 2, 0),
(22, 59, 83, 3, 1),
(22, 60, 66, 3, 1),
(22, 62, 73, 1, 0),
(22, 65, 28, 1, 1),
(22, 66, 52, 1, 0),
(22, 67, 24, 2, 1),
(22, 68, 86, 2, 1),
(22, 70, 9, 3, 1),
(22, 71, 65, 1, 0),
(22, 74, 28, 1, 1),
(22, 75, 73, 2, 1),
(22, 76, 89, 1, 1),
(22, 78, 92, 1, 1),
(22, 79, 22, 1, 1),
(22, 80, 68, 2, 1),
(22, 81, 26, 1, 0),
(22, 82, 47, 1, 1),
(22, 83, 37, 2, 1),
(22, 84, 15, 2, 1),
(22, 85, 57, 2, 0),
(22, 86, 72, 2, 1),
(22, 88, 41, 2, 1),
(22, 89, 12, 2, 0),
(22, 90, 50, 2, 1),
(22, 91, 30, 1, 1),
(22, 92, 39, 2, 1),
(22, 93, 6, 1, 0),
(22, 94, 35, 1, 1),
(22, 95, 82, 1, 1),
(22, 96, 84, 3, 1),
(22, 97, 27, 2, 1),
(22, 98, 63, 3, 1),
(22, 99, 17, 1, 1),
(23, 2, 12, 3, 1),
(23, 3, 53, 1, 1),
(23, 4, 72, 3, 1),
(23, 6, 6, 3, 0),
(23, 7, 97, 2, 1),
(23, 8, 26, 1, 1),
(23, 9, 99, 1, 1),
(23, 10, 95, 1, 0),
(23, 11, 10, 1, 0),
(23, 12, 33, 2, 1),
(23, 13, 87, 3, 1),
(23, 14, 39, 2, 1),
(23, 15, 53, 1, 1),
(23, 16, 100, 3, 1),
(23, 18, 68, 2, 1),
(23, 21, 72, 3, 1),
(23, 22, 82, 1, 1),
(23, 23, 37, 2, 1),
(23, 24, 27, 3, 0),
(23, 26, 14, 3, 0),
(23, 27, 62, 1, 1),
(23, 28, 14, 1, 1),
(23, 30, 30, 3, 1),
(23, 31, 66, 2, 1),
(23, 32, 47, 3, 1),
(23, 33, 63, 2, 1),
(23, 34, 43, 2, 0),
(23, 35, 71, 2, 1),
(23, 37, 88, 2, 1),
(23, 38, 64, 1, 1),
(23, 39, 53, 3, 1),
(23, 40, 19, 1, 1),
(23, 41, 49, 1, 0),
(23, 42, 27, 3, 1),
(23, 43, 17, 2, 1),
(23, 44, 96, 1, 1),
(23, 45, 97, 3, 1),
(23, 46, 26, 1, 0),
(23, 47, 25, 3, 0),
(23, 48, 34, 3, 1),
(23, 51, 49, 2, 1),
(23, 52, 86, 3, 0),
(23, 53, 18, 2, 1),
(23, 54, 99, 1, 1),
(23, 55, 18, 2, 1),
(23, 56, 19, 2, 1),
(23, 57, 28, 2, 0),
(23, 58, 60, 3, 1),
(23, 59, 46, 1, 1),
(23, 60, 72, 3, 1),
(23, 61, 51, 1, 1),
(23, 62, 24, 1, 1),
(23, 63, 95, 2, 1),
(23, 64, 81, 2, 1),
(23, 66, 61, 2, 0),
(23, 67, 54, 2, 0),
(23, 69, 15, 2, 1),
(23, 70, 74, 3, 1),
(23, 71, 53, 1, 0),
(23, 72, 51, 3, 0),
(23, 73, 67, 3, 1),
(23, 74, 92, 1, 1),
(23, 75, 45, 2, 1),
(23, 76, 92, 1, 1),
(23, 78, 75, 1, 1),
(23, 79, 91, 3, 1),
(23, 81, 66, 3, 1),
(23, 82, 29, 1, 1),
(23, 83, 60, 1, 1),
(23, 84, 39, 3, 0),
(23, 86, 76, 2, 1),
(23, 88, 77, 2, 1),
(23, 90, 22, 3, 0),
(23, 91, 30, 2, 1),
(23, 95, 34, 2, 1),
(23, 96, 54, 1, 1),
(23, 97, 68, 3, 1),
(23, 98, 22, 2, 1),
(23, 99, 42, 2, 0),
(23, 100, 86, 2, 1),
(24, 2, 17, 2, 0),
(24, 3, 60, 2, 1),
(24, 4, 44, 2, 1),
(24, 5, 29, 2, 1),
(24, 6, 85, 1, 0),
(24, 7, 57, 1, 1),
(24, 8, 44, 1, 1),
(24, 9, 89, 1, 0),
(24, 10, 17, 3, 1),
(24, 12, 98, 3, 1),
(24, 13, 58, 1, 1),
(24, 14, 98, 2, 1),
(24, 15, 36, 1, 1),
(24, 16, 28, 3, 1),
(24, 19, 69, 3, 1),
(24, 20, 61, 3, 1),
(24, 21, 55, 2, 1),
(24, 22, 93, 1, 1),
(24, 25, 59, 2, 1),
(24, 26, 14, 2, 1),
(24, 27, 29, 1, 1),
(24, 29, 69, 3, 0),
(24, 30, 17, 2, 0),
(24, 31, 10, 3, 1),
(24, 32, 95, 1, 1),
(24, 33, 63, 1, 1),
(24, 34, 1, 1, 1),
(24, 35, 22, 2, 1),
(24, 36, 59, 3, 1),
(24, 37, 17, 3, 1),
(24, 38, 23, 1, 1),
(24, 39, 12, 3, 1),
(24, 40, 43, 1, 1),
(24, 41, 40, 2, 0),
(24, 43, 64, 2, 1),
(24, 44, 45, 1, 1),
(24, 45, 28, 1, 1),
(24, 47, 46, 3, 0),
(24, 48, 13, 2, 1),
(24, 49, 22, 2, 1),
(24, 50, 54, 1, 1),
(24, 51, 15, 2, 1),
(24, 53, 65, 2, 1),
(24, 54, 92, 2, 1),
(24, 55, 17, 2, 1),
(24, 56, 89, 3, 1),
(24, 57, 52, 2, 1),
(24, 58, 7, 1, 1),
(24, 59, 28, 3, 0),
(24, 60, 60, 1, 1),
(24, 62, 97, 2, 1),
(24, 64, 93, 2, 1),
(24, 65, 30, 1, 1),
(24, 66, 77, 1, 1),
(24, 67, 44, 1, 1),
(24, 68, 86, 2, 1),
(24, 69, 25, 3, 1),
(24, 70, 55, 3, 1),
(24, 71, 13, 2, 1),
(24, 72, 72, 2, 1),
(24, 73, 32, 1, 0),
(24, 74, 78, 1, 0),
(24, 75, 88, 2, 1),
(24, 76, 92, 2, 1),
(24, 77, 84, 2, 1),
(24, 78, 59, 3, 1),
(24, 79, 17, 3, 1),
(24, 80, 94, 1, 1),
(24, 81, 82, 3, 0),
(24, 83, 28, 3, 0),
(24, 84, 96, 1, 1),
(24, 85, 5, 2, 1),
(24, 87, 3, 3, 1),
(24, 88, 79, 1, 1),
(24, 89, 90, 2, 1),
(24, 90, 49, 3, 1),
(24, 91, 63, 3, 1),
(24, 93, 48, 3, 1),
(24, 94, 92, 3, 1),
(24, 96, 47, 3, 1),
(24, 98, 49, 1, 1),
(24, 99, 93, 3, 1),
(24, 100, 22, 3, 1),
(24, 103, 35, 3, 0),
(24, 104, 34, 1, 1),
(24, 105, 67, 3, 1),
(24, 106, 2, 2, 1),
(24, 107, 56, 2, 1),
(24, 108, 3, 1, 1),
(24, 109, 37, 1, 1),
(24, 110, 20, 1, 1),
(24, 111, 76, 1, 1),
(24, 112, 55, 2, 1),
(24, 114, 6, 2, 1),
(24, 115, 29, 3, 1),
(24, 116, 20, 3, 1),
(24, 117, 70, 1, 1),
(24, 118, 21, 3, 1),
(24, 120, 12, 1, 1),
(24, 121, 6, 3, 0),
(24, 122, 31, 2, 1),
(24, 123, 27, 3, 1),
(24, 124, 51, 3, 0),
(25, 2, 57, 3, 0),
(25, 3, 86, 3, 1),
(25, 4, 9, 1, 1),
(25, 5, 77, 3, 1),
(25, 6, 57, 2, 1),
(25, 8, 59, 3, 1),
(25, 9, 9, 1, 1),
(25, 10, 50, 2, 1),
(25, 11, 94, 3, 1),
(25, 12, 70, 1, 1),
(25, 13, 74, 2, 1),
(25, 14, 5, 1, 1),
(25, 15, 63, 3, 1),
(25, 16, 26, 2, 0),
(25, 17, 13, 3, 1),
(25, 18, 73, 1, 1),
(25, 19, 64, 1, 1),
(25, 20, 48, 3, 1),
(25, 23, 96, 3, 0),
(25, 24, 33, 3, 1),
(25, 25, 84, 3, 0),
(25, 26, 60, 3, 0),
(25, 27, 42, 1, 0),
(25, 28, 24, 2, 1),
(25, 29, 3, 3, 1),
(25, 30, 32, 2, 1),
(25, 31, 40, 2, 0),
(25, 33, 33, 2, 1),
(25, 34, 87, 2, 1),
(25, 35, 65, 2, 0),
(25, 36, 92, 1, 1),
(25, 37, 16, 1, 1),
(25, 38, 27, 2, 1),
(25, 39, 81, 3, 1),
(25, 40, 9, 2, 1),
(25, 41, 37, 2, 0),
(25, 43, 5, 1, 1),
(25, 44, 70, 3, 1),
(25, 45, 33, 1, 1),
(25, 46, 56, 2, 1),
(25, 47, 20, 2, 1),
(25, 49, 70, 1, 1),
(25, 50, 62, 2, 1),
(25, 51, 67, 3, 0),
(25, 52, 39, 3, 1),
(25, 53, 71, 2, 1),
(25, 54, 20, 3, 1),
(25, 56, 30, 1, 1),
(25, 57, 68, 2, 1),
(25, 59, 45, 1, 1),
(25, 60, 93, 1, 1),
(25, 61, 50, 3, 1),
(25, 62, 36, 1, 0),
(25, 63, 31, 1, 0),
(25, 64, 39, 1, 1),
(25, 65, 54, 3, 1),
(25, 66, 10, 1, 0),
(25, 67, 9, 1, 1),
(25, 69, 41, 1, 1),
(25, 70, 61, 2, 1),
(25, 71, 5, 3, 0),
(25, 73, 29, 1, 0),
(25, 74, 30, 1, 1),
(26, 1, 42, 1, 0),
(26, 2, 36, 2, 1),
(26, 3, 71, 1, 0),
(26, 4, 74, 2, 1),
(26, 5, 56, 1, 1),
(26, 10, 42, 2, 0),
(26, 11, 29, 2, 1),
(26, 12, 11, 2, 1),
(26, 13, 57, 3, 1),
(26, 14, 66, 3, 0),
(26, 15, 36, 1, 1),
(26, 16, 11, 2, 1),
(26, 17, 9, 3, 1),
(26, 19, 55, 2, 0),
(26, 20, 100, 3, 1),
(26, 21, 42, 3, 1),
(26, 22, 35, 2, 1),
(26, 23, 70, 2, 0),
(26, 24, 35, 1, 1),
(26, 25, 21, 2, 1),
(26, 27, 29, 1, 1),
(26, 28, 36, 1, 0),
(26, 29, 36, 1, 1),
(26, 30, 35, 1, 1),
(26, 31, 54, 2, 1),
(26, 34, 78, 2, 1),
(26, 36, 50, 2, 1),
(26, 37, 90, 2, 1),
(26, 40, 73, 2, 1),
(26, 41, 7, 1, 1),
(26, 42, 92, 1, 1),
(26, 43, 43, 1, 1),
(26, 44, 29, 3, 1),
(26, 45, 45, 2, 1),
(26, 47, 93, 3, 1),
(26, 48, 8, 3, 1),
(26, 50, 82, 1, 1),
(26, 51, 31, 3, 1),
(26, 52, 23, 2, 1),
(26, 53, 2, 3, 1),
(26, 54, 96, 1, 0),
(26, 55, 93, 2, 1),
(26, 56, 30, 1, 1),
(26, 57, 22, 2, 0),
(26, 58, 60, 1, 1),
(26, 59, 9, 3, 1),
(26, 60, 47, 1, 1),
(26, 62, 44, 3, 0),
(26, 64, 48, 2, 1),
(26, 65, 58, 1, 1),
(26, 66, 12, 2, 1),
(26, 67, 9, 1, 0),
(26, 68, 67, 1, 1),
(26, 69, 99, 2, 1),
(26, 70, 46, 1, 1),
(26, 71, 30, 1, 0),
(26, 72, 83, 3, 1),
(26, 74, 9, 3, 1),
(26, 75, 27, 3, 1),
(26, 77, 69, 1, 1),
(26, 79, 59, 2, 1),
(26, 82, 6, 1, 1),
(26, 85, 46, 1, 0),
(26, 86, 96, 3, 1),
(26, 88, 36, 3, 0),
(26, 89, 61, 3, 1),
(26, 90, 3, 1, 1),
(26, 91, 70, 1, 1),
(26, 92, 88, 1, 1),
(26, 94, 64, 3, 1),
(26, 95, 51, 2, 0),
(26, 96, 16, 2, 1),
(26, 97, 32, 2, 1),
(26, 98, 58, 2, 1),
(26, 99, 29, 1, 1),
(26, 100, 97, 1, 1),
(26, 101, 51, 3, 1),
(26, 102, 45, 3, 1),
(26, 103, 48, 2, 0),
(26, 104, 71, 1, 1),
(26, 105, 18, 3, 1),
(26, 106, 55, 1, 1),
(26, 107, 71, 1, 1),
(26, 109, 29, 2, 1),
(26, 110, 82, 2, 1),
(26, 111, 81, 1, 1),
(26, 112, 88, 2, 0),
(26, 113, 67, 3, 1),
(26, 114, 11, 2, 1),
(26, 116, 31, 3, 1),
(26, 117, 78, 3, 1),
(26, 118, 56, 1, 1),
(26, 119, 48, 1, 1),
(26, 120, 89, 2, 1),
(26, 121, 68, 2, 1),
(26, 124, 65, 3, 1),
(27, 1, 94, 3, 1),
(27, 2, 74, 3, 1),
(27, 3, 31, 3, 1),
(27, 4, 54, 3, 1),
(27, 5, 84, 2, 0),
(27, 6, 85, 2, 1),
(27, 7, 96, 1, 1),
(27, 8, 92, 3, 1),
(27, 9, 60, 1, 0),
(27, 10, 38, 3, 1),
(27, 11, 61, 3, 1),
(27, 12, 1, 1, 1),
(27, 13, 18, 3, 0),
(27, 14, 24, 2, 1),
(27, 15, 84, 2, 1),
(27, 16, 96, 1, 0),
(27, 17, 79, 3, 1),
(27, 18, 37, 2, 0),
(27, 19, 82, 3, 1),
(27, 20, 60, 1, 1),
(27, 21, 56, 3, 0),
(27, 22, 47, 2, 1),
(27, 23, 63, 2, 1),
(27, 24, 34, 1, 0),
(27, 25, 22, 2, 1),
(27, 26, 66, 1, 1),
(27, 27, 30, 2, 1),
(27, 28, 70, 3, 1),
(27, 29, 67, 1, 0),
(27, 30, 85, 1, 1),
(27, 31, 50, 3, 1),
(27, 32, 60, 2, 1),
(27, 33, 64, 2, 0),
(27, 35, 27, 3, 0),
(27, 36, 19, 3, 1),
(27, 37, 57, 2, 1),
(27, 38, 75, 2, 0),
(27, 39, 98, 1, 1),
(27, 40, 73, 2, 1),
(27, 43, 99, 1, 1),
(27, 44, 29, 1, 1),
(27, 46, 92, 3, 1),
(27, 47, 66, 3, 0),
(27, 49, 73, 3, 1),
(27, 50, 27, 2, 0),
(27, 52, 73, 3, 1),
(27, 53, 38, 2, 1),
(27, 54, 9, 1, 1),
(27, 55, 12, 2, 1),
(27, 56, 83, 2, 1),
(27, 57, 24, 1, 1),
(27, 58, 50, 3, 1),
(27, 59, 11, 1, 1),
(27, 60, 91, 2, 1),
(27, 61, 2, 3, 1),
(27, 62, 5, 1, 1),
(27, 63, 17, 1, 1),
(27, 64, 25, 2, 1),
(27, 65, 18, 2, 0),
(27, 66, 31, 2, 1),
(27, 67, 27, 1, 1),
(27, 68, 40, 1, 1),
(27, 70, 32, 2, 1),
(27, 71, 29, 2, 1),
(27, 72, 93, 3, 1),
(27, 73, 7, 1, 1),
(27, 74, 67, 3, 1),
(27, 75, 7, 3, 1),
(27, 76, 22, 2, 0),
(27, 79, 73, 2, 1),
(27, 80, 22, 3, 1),
(27, 81, 70, 2, 1),
(27, 83, 90, 2, 1),
(27, 84, 16, 1, 1),
(27, 85, 17, 3, 1),
(27, 86, 94, 3, 0),
(27, 87, 56, 3, 1),
(27, 88, 5, 1, 0),
(27, 89, 62, 2, 0),
(27, 91, 42, 2, 1),
(27, 92, 28, 1, 1),
(27, 93, 65, 2, 1),
(27, 94, 80, 1, 1),
(27, 95, 36, 1, 1),
(27, 96, 47, 2, 1),
(27, 97, 61, 1, 1),
(27, 98, 35, 1, 0),
(27, 99, 59, 2, 1),
(28, 2, 31, 1, 1),
(28, 3, 75, 1, 1),
(28, 4, 57, 2, 1),
(28, 5, 55, 2, 1),
(28, 6, 3, 3, 1),
(28, 7, 21, 2, 1),
(28, 8, 94, 2, 1),
(28, 9, 87, 1, 1),
(28, 10, 92, 1, 1),
(28, 11, 37, 2, 1),
(28, 12, 25, 1, 1),
(28, 13, 20, 1, 1),
(28, 14, 43, 2, 1),
(28, 15, 72, 2, 1),
(28, 16, 14, 2, 1),
(28, 17, 17, 3, 1),
(28, 18, 78, 1, 1),
(28, 19, 29, 1, 1),
(28, 20, 82, 2, 1),
(28, 21, 20, 1, 1),
(28, 22, 41, 1, 1),
(28, 23, 68, 2, 1),
(28, 24, 13, 2, 1),
(28, 25, 55, 2, 1),
(28, 26, 65, 3, 1),
(28, 27, 70, 1, 1),
(28, 28, 100, 3, 1),
(28, 29, 81, 1, 1),
(28, 30, 91, 3, 1),
(28, 32, 91, 1, 1),
(28, 33, 68, 2, 1),
(28, 34, 82, 1, 0),
(28, 35, 5, 2, 1),
(28, 36, 51, 1, 1),
(28, 37, 38, 1, 1),
(28, 38, 68, 2, 1),
(28, 39, 2, 1, 1),
(28, 40, 48, 3, 0),
(28, 41, 49, 1, 1),
(28, 42, 96, 1, 1),
(28, 43, 90, 1, 0),
(28, 44, 86, 1, 1),
(28, 45, 14, 3, 1),
(28, 46, 25, 2, 1),
(28, 47, 38, 2, 1),
(28, 48, 67, 3, 1),
(28, 50, 16, 3, 1),
(29, 1, 81, 1, 1),
(29, 2, 38, 3, 1),
(29, 3, 94, 2, 1),
(29, 4, 84, 3, 1),
(29, 5, 33, 2, 1),
(29, 6, 23, 1, 0),
(29, 7, 57, 3, 1),
(29, 8, 87, 1, 1),
(29, 9, 55, 3, 1),
(29, 10, 3, 3, 1),
(29, 11, 36, 2, 0),
(29, 12, 66, 3, 1),
(29, 13, 42, 2, 1),
(29, 14, 100, 2, 1),
(29, 15, 60, 3, 1),
(29, 16, 44, 1, 1),
(29, 17, 60, 2, 1),
(29, 18, 32, 3, 1),
(29, 19, 31, 1, 1),
(29, 20, 53, 2, 1),
(29, 21, 33, 2, 1),
(29, 22, 27, 3, 0),
(29, 23, 57, 2, 1),
(29, 24, 69, 3, 1),
(29, 25, 84, 1, 1),
(29, 26, 20, 1, 0),
(29, 27, 34, 2, 1),
(29, 28, 54, 3, 1),
(29, 29, 20, 1, 1),
(29, 30, 58, 2, 0),
(29, 31, 51, 2, 1),
(29, 32, 48, 2, 1),
(29, 33, 4, 2, 1),
(29, 34, 99, 2, 1),
(29, 35, 89, 3, 1),
(29, 36, 40, 1, 0),
(29, 37, 88, 1, 1),
(29, 38, 44, 1, 0),
(29, 39, 35, 3, 0),
(29, 40, 41, 3, 0),
(29, 41, 25, 2, 1),
(29, 43, 44, 2, 1),
(29, 44, 63, 2, 1),
(29, 45, 21, 2, 1),
(29, 46, 2, 3, 0),
(29, 47, 39, 3, 1),
(29, 48, 75, 2, 1),
(29, 49, 42, 1, 1),
(29, 50, 70, 3, 0),
(30, 3, 68, 2, 1),
(30, 4, 22, 2, 1),
(30, 5, 72, 3, 1),
(30, 8, 72, 2, 0),
(30, 9, 21, 2, 0),
(30, 10, 69, 1, 1),
(30, 12, 6, 3, 1),
(30, 13, 14, 1, 1),
(30, 14, 12, 3, 1),
(30, 15, 67, 1, 1),
(30, 16, 54, 2, 1),
(30, 17, 52, 2, 1),
(30, 18, 80, 3, 0),
(30, 19, 23, 2, 1),
(30, 21, 57, 1, 1),
(30, 22, 29, 1, 0),
(30, 23, 57, 1, 1),
(30, 24, 44, 2, 1),
(30, 25, 6, 1, 1),
(30, 28, 64, 1, 1),
(30, 29, 17, 1, 1),
(30, 30, 5, 2, 1),
(30, 31, 98, 3, 1),
(30, 32, 26, 2, 1),
(30, 33, 85, 3, 1),
(30, 34, 37, 3, 1),
(30, 36, 9, 3, 0),
(30, 37, 21, 1, 1),
(30, 38, 4, 2, 1),
(30, 39, 3, 3, 1),
(30, 40, 21, 1, 1),
(30, 41, 18, 2, 0),
(30, 42, 6, 1, 0),
(30, 43, 4, 2, 1),
(30, 44, 90, 2, 1),
(30, 45, 48, 1, 1),
(30, 47, 40, 3, 1),
(30, 48, 70, 1, 1),
(30, 49, 4, 1, 1),
(30, 51, 40, 1, 1),
(30, 52, 81, 2, 1),
(30, 54, 9, 2, 1),
(30, 55, 34, 2, 1),
(30, 56, 76, 3, 0),
(30, 57, 58, 2, 1),
(30, 59, 18, 3, 0),
(30, 60, 23, 1, 1),
(30, 63, 44, 1, 1),
(30, 64, 63, 3, 1),
(30, 65, 38, 1, 0),
(30, 67, 54, 1, 1),
(30, 68, 50, 3, 1),
(30, 69, 3, 1, 1),
(30, 70, 24, 1, 1),
(30, 71, 47, 1, 1),
(30, 72, 29, 3, 0),
(30, 73, 60, 3, 1),
(30, 74, 60, 3, 1),
(30, 75, 43, 2, 1),
(30, 76, 35, 2, 1),
(30, 77, 8, 2, 1),
(30, 78, 75, 2, 1),
(30, 79, 90, 1, 1),
(30, 80, 64, 2, 1),
(30, 82, 16, 2, 1),
(30, 83, 63, 2, 1),
(30, 84, 80, 1, 1),
(30, 85, 24, 3, 1),
(30, 86, 16, 1, 1),
(30, 87, 18, 2, 1),
(30, 88, 59, 3, 1),
(30, 89, 6, 1, 0),
(30, 90, 21, 1, 1),
(30, 91, 90, 1, 1),
(30, 92, 73, 3, 0),
(30, 93, 45, 1, 1),
(30, 94, 69, 2, 1),
(30, 95, 88, 1, 1),
(30, 96, 22, 2, 0),
(30, 98, 69, 1, 1),
(30, 99, 56, 2, 1),
(31, 2, 70, 3, 1),
(31, 3, 36, 3, 1),
(31, 4, 51, 1, 1),
(31, 6, 45, 3, 0),
(31, 7, 67, 2, 1),
(31, 8, 12, 2, 1),
(31, 9, 11, 2, 1),
(31, 10, 61, 2, 1),
(31, 11, 35, 1, 1),
(31, 12, 30, 1, 1),
(31, 13, 19, 3, 1),
(31, 15, 38, 1, 1),
(31, 16, 47, 1, 1),
(31, 18, 75, 3, 1),
(31, 19, 24, 3, 1),
(31, 22, 24, 2, 1),
(31, 23, 45, 2, 1),
(31, 24, 50, 3, 1),
(31, 26, 23, 1, 1),
(31, 28, 96, 1, 1),
(31, 29, 86, 2, 1),
(31, 32, 24, 2, 1),
(31, 33, 66, 3, 0),
(31, 35, 6, 1, 1),
(31, 36, 70, 1, 1),
(31, 38, 62, 3, 0),
(31, 40, 76, 1, 1),
(31, 41, 99, 2, 0),
(31, 43, 52, 2, 1),
(31, 44, 94, 3, 1),
(31, 47, 14, 3, 0),
(31, 48, 60, 3, 0),
(31, 53, 87, 3, 0),
(31, 55, 58, 1, 1),
(31, 56, 20, 3, 1),
(31, 57, 15, 3, 1),
(31, 60, 59, 3, 1),
(31, 61, 8, 2, 1),
(31, 62, 78, 3, 1),
(31, 63, 90, 3, 1),
(31, 65, 22, 3, 1),
(31, 66, 10, 1, 1),
(31, 67, 10, 3, 1),
(31, 68, 25, 1, 1),
(31, 70, 72, 3, 1),
(31, 75, 43, 3, 1),
(31, 76, 4, 1, 1),
(31, 77, 26, 2, 1),
(31, 78, 71, 1, 1),
(31, 80, 43, 3, 1),
(31, 81, 75, 3, 1),
(31, 82, 60, 1, 0),
(31, 84, 94, 2, 1),
(31, 85, 12, 2, 1),
(31, 86, 7, 3, 0),
(31, 88, 26, 2, 1),
(31, 89, 89, 3, 1),
(31, 91, 71, 3, 1),
(31, 93, 68, 3, 1),
(31, 94, 83, 3, 1),
(31, 95, 97, 3, 0),
(31, 96, 98, 3, 1),
(31, 97, 19, 1, 1),
(31, 99, 81, 3, 0),
(31, 100, 95, 3, 1),
(31, 101, 91, 1, 1),
(31, 103, 91, 2, 1),
(31, 111, 79, 1, 1),
(31, 112, 71, 1, 1),
(31, 113, 90, 1, 1),
(31, 114, 43, 3, 1),
(31, 115, 67, 3, 0),
(31, 117, 55, 1, 1),
(31, 118, 99, 1, 0),
(31, 119, 35, 1, 1),
(31, 120, 88, 3, 0),
(31, 121, 49, 1, 1),
(31, 122, 35, 2, 1),
(31, 123, 24, 2, 1),
(31, 125, 46, 2, 0),
(31, 127, 60, 2, 0),
(31, 128, 26, 1, 1),
(31, 133, 25, 2, 1),
(31, 134, 84, 2, 1),
(31, 135, 61, 3, 1),
(31, 139, 67, 3, 1),
(31, 140, 31, 2, 1),
(31, 143, 55, 2, 1),
(31, 144, 47, 2, 1),
(31, 145, 45, 3, 1),
(31, 146, 97, 3, 1),
(31, 149, 60, 2, 1),
(32, 2, 1, 3, 1),
(32, 3, 83, 2, 1),
(32, 4, 49, 3, 1),
(32, 5, 25, 3, 1),
(32, 6, 47, 2, 1),
(32, 8, 89, 3, 1),
(32, 10, 49, 3, 1),
(32, 11, 82, 2, 1),
(32, 12, 24, 2, 1),
(32, 13, 25, 2, 1),
(32, 14, 95, 1, 1),
(32, 15, 13, 2, 0),
(32, 16, 43, 2, 1),
(32, 17, 64, 1, 1),
(32, 18, 42, 1, 1),
(32, 19, 87, 1, 1),
(32, 20, 34, 1, 1),
(32, 21, 89, 3, 1),
(32, 22, 58, 3, 1),
(32, 23, 60, 3, 1),
(32, 24, 8, 1, 1),
(32, 25, 54, 1, 1),
(32, 26, 94, 3, 0),
(32, 27, 10, 2, 1),
(32, 28, 28, 1, 1),
(32, 29, 44, 3, 1),
(32, 30, 60, 3, 0),
(32, 31, 15, 1, 0),
(32, 32, 85, 1, 1),
(32, 33, 41, 1, 1),
(32, 34, 87, 1, 1),
(32, 35, 98, 1, 1),
(32, 36, 8, 2, 1),
(32, 37, 30, 1, 1),
(32, 38, 45, 2, 1),
(32, 39, 1, 3, 1),
(32, 40, 16, 2, 1),
(32, 41, 53, 1, 1),
(32, 42, 94, 3, 1),
(32, 43, 20, 2, 1),
(32, 44, 75, 1, 1),
(32, 45, 52, 2, 1),
(32, 47, 76, 2, 1),
(32, 48, 42, 1, 1),
(32, 49, 22, 2, 1),
(32, 52, 36, 2, 1),
(32, 53, 19, 1, 1),
(32, 54, 50, 2, 1),
(32, 55, 77, 1, 1),
(32, 56, 3, 2, 0),
(32, 57, 96, 1, 1),
(32, 58, 20, 2, 0),
(32, 59, 64, 3, 1),
(32, 60, 92, 3, 1),
(32, 61, 90, 3, 1),
(32, 62, 84, 1, 1),
(32, 63, 61, 1, 1),
(32, 64, 22, 2, 1),
(32, 65, 17, 3, 1),
(32, 67, 29, 3, 1),
(32, 69, 2, 3, 1),
(32, 70, 46, 2, 1),
(32, 71, 80, 2, 1),
(32, 72, 47, 2, 1),
(32, 73, 11, 1, 0),
(32, 74, 47, 2, 1),
(32, 75, 7, 1, 1),
(33, 1, 33, 2, 1),
(33, 2, 77, 2, 1),
(33, 4, 62, 1, 1),
(33, 5, 44, 1, 1),
(33, 6, 55, 3, 1),
(33, 9, 58, 3, 1),
(33, 10, 86, 1, 1),
(33, 11, 91, 1, 1),
(33, 12, 26, 3, 1),
(33, 13, 32, 3, 1),
(33, 15, 63, 1, 1),
(33, 16, 97, 2, 0),
(33, 18, 43, 3, 1),
(33, 19, 68, 3, 1),
(33, 20, 9, 2, 1),
(33, 21, 84, 3, 1),
(33, 23, 49, 2, 1),
(33, 26, 1, 2, 1),
(33, 27, 30, 3, 1),
(33, 29, 7, 1, 1),
(33, 30, 75, 3, 1),
(33, 31, 48, 3, 1),
(33, 33, 69, 1, 1),
(33, 34, 95, 2, 1),
(33, 35, 66, 3, 1),
(33, 36, 52, 2, 1),
(33, 37, 35, 2, 1),
(33, 40, 75, 3, 1),
(33, 41, 10, 1, 1),
(33, 42, 30, 2, 1),
(33, 44, 38, 2, 1),
(33, 45, 3, 1, 1),
(33, 46, 17, 3, 1),
(33, 47, 51, 3, 1),
(33, 48, 27, 2, 0),
(33, 51, 19, 2, 0),
(33, 52, 49, 1, 1),
(33, 54, 10, 1, 1),
(33, 55, 34, 1, 1),
(33, 56, 35, 1, 1),
(33, 57, 31, 1, 0),
(33, 58, 73, 1, 1),
(33, 59, 3, 1, 1),
(33, 60, 4, 2, 1),
(33, 61, 55, 3, 1),
(33, 62, 15, 3, 0),
(33, 63, 97, 1, 0),
(33, 64, 98, 3, 0),
(33, 66, 1, 2, 1),
(33, 67, 69, 1, 1),
(33, 68, 25, 2, 1),
(33, 69, 62, 3, 1),
(33, 70, 36, 2, 1),
(33, 71, 21, 2, 0),
(33, 72, 78, 3, 1),
(33, 73, 64, 2, 1),
(33, 74, 35, 3, 1),
(33, 75, 51, 2, 1),
(33, 76, 9, 2, 1),
(33, 77, 45, 1, 1),
(33, 79, 58, 1, 1),
(33, 80, 59, 2, 1),
(33, 82, 72, 1, 0),
(33, 84, 91, 1, 1),
(33, 85, 74, 3, 1),
(33, 86, 99, 2, 1),
(33, 87, 93, 2, 1),
(33, 89, 95, 2, 1),
(33, 90, 73, 2, 1),
(33, 91, 92, 2, 1),
(33, 93, 69, 1, 0),
(33, 94, 56, 3, 1),
(33, 95, 91, 3, 0),
(33, 97, 26, 2, 1),
(33, 98, 33, 1, 1),
(33, 99, 7, 2, 1),
(33, 101, 17, 3, 1),
(33, 102, 29, 3, 1),
(33, 105, 62, 1, 1),
(33, 106, 49, 3, 0),
(33, 107, 12, 1, 1),
(33, 108, 3, 2, 1),
(33, 110, 100, 2, 1),
(33, 111, 59, 3, 1),
(33, 112, 81, 1, 1),
(33, 113, 72, 2, 0),
(33, 114, 56, 2, 1),
(33, 115, 70, 1, 1),
(33, 116, 74, 3, 1),
(33, 117, 49, 2, 1),
(33, 118, 81, 1, 1),
(33, 119, 98, 1, 1),
(33, 121, 89, 3, 0),
(33, 122, 25, 1, 1),
(33, 124, 39, 3, 1),
(33, 125, 6, 1, 1),
(34, 1, 58, 1, 1),
(34, 2, 61, 3, 1),
(34, 3, 82, 2, 1),
(34, 4, 16, 1, 0),
(34, 5, 98, 2, 1),
(34, 6, 69, 2, 1),
(34, 8, 2, 3, 1),
(34, 9, 61, 1, 1),
(34, 10, 49, 1, 1),
(34, 11, 74, 3, 1),
(34, 12, 95, 2, 1),
(34, 13, 55, 2, 1),
(34, 14, 69, 1, 0),
(34, 15, 3, 2, 1),
(34, 16, 55, 3, 1),
(34, 17, 76, 2, 1),
(34, 18, 92, 3, 1),
(34, 19, 69, 2, 1),
(34, 20, 99, 1, 1),
(34, 21, 37, 1, 1),
(34, 22, 29, 3, 1),
(34, 24, 22, 2, 1),
(34, 25, 17, 2, 1),
(34, 26, 8, 3, 1),
(34, 27, 48, 3, 0),
(34, 29, 22, 3, 1),
(34, 30, 83, 2, 1),
(34, 31, 18, 1, 1),
(34, 32, 29, 1, 1),
(34, 33, 51, 3, 0),
(34, 34, 38, 3, 1),
(34, 35, 7, 2, 1),
(34, 36, 44, 2, 1),
(34, 38, 26, 1, 1),
(34, 39, 60, 3, 1),
(34, 40, 92, 3, 1),
(34, 42, 10, 2, 1),
(34, 43, 37, 3, 0),
(34, 45, 12, 1, 1),
(34, 47, 3, 3, 1),
(34, 48, 44, 2, 1),
(34, 49, 65, 2, 1),
(34, 50, 7, 2, 1),
(34, 51, 57, 3, 1),
(34, 52, 1, 1, 1);
INSERT INTO `tickets` (`seance_id`, `seat_number`, `client_id`, `ticket_type_id`, `payment_status`) VALUES
(34, 54, 96, 3, 1),
(34, 55, 68, 3, 1),
(34, 56, 55, 1, 1),
(34, 57, 32, 1, 0),
(34, 58, 77, 1, 0),
(34, 59, 76, 2, 0),
(34, 60, 11, 1, 0),
(34, 61, 16, 2, 1),
(34, 62, 90, 2, 1),
(34, 63, 33, 2, 1),
(34, 64, 74, 1, 1),
(34, 65, 30, 2, 1),
(34, 66, 42, 3, 0),
(34, 67, 39, 1, 1),
(34, 68, 44, 2, 0),
(34, 69, 29, 3, 1),
(34, 71, 38, 3, 1),
(34, 72, 76, 3, 1),
(34, 73, 81, 1, 1),
(34, 74, 88, 2, 1),
(34, 76, 67, 3, 1),
(34, 77, 93, 2, 0),
(34, 78, 94, 3, 1),
(34, 79, 68, 2, 0),
(34, 80, 58, 3, 1),
(34, 81, 64, 1, 1),
(34, 82, 36, 1, 1),
(34, 83, 24, 2, 1),
(34, 85, 12, 2, 1),
(34, 87, 92, 3, 1),
(34, 88, 3, 1, 1),
(34, 89, 28, 3, 1),
(34, 90, 17, 1, 1),
(34, 91, 64, 1, 1),
(34, 93, 69, 3, 1),
(34, 94, 49, 3, 1),
(34, 96, 70, 1, 1),
(34, 98, 58, 1, 1),
(34, 99, 7, 2, 1),
(34, 100, 95, 3, 1),
(35, 1, 80, 2, 1),
(35, 2, 63, 1, 1),
(35, 5, 66, 3, 1),
(35, 6, 1, 3, 1),
(35, 7, 100, 2, 1),
(35, 8, 19, 2, 1),
(35, 9, 65, 2, 1),
(35, 10, 56, 3, 1),
(35, 11, 48, 3, 1),
(35, 12, 100, 3, 1),
(35, 13, 9, 1, 1),
(35, 14, 27, 1, 1),
(35, 15, 79, 3, 1),
(35, 16, 20, 1, 1),
(35, 17, 47, 1, 1),
(35, 18, 82, 2, 1),
(35, 19, 61, 1, 0),
(35, 20, 98, 1, 0),
(35, 21, 17, 3, 1),
(35, 22, 63, 2, 1),
(35, 23, 41, 1, 0),
(35, 24, 90, 1, 1),
(35, 25, 27, 1, 1),
(35, 26, 76, 3, 1),
(35, 27, 62, 2, 1),
(35, 29, 57, 2, 1),
(35, 30, 85, 1, 1),
(35, 31, 18, 3, 1),
(35, 32, 21, 1, 1),
(35, 33, 46, 1, 1),
(35, 34, 44, 1, 1),
(35, 35, 42, 1, 1),
(35, 36, 25, 1, 1),
(35, 41, 19, 1, 1),
(35, 42, 73, 1, 1),
(35, 43, 68, 2, 0),
(35, 44, 90, 3, 1),
(35, 45, 35, 1, 1),
(35, 46, 95, 2, 1),
(35, 47, 73, 3, 1),
(35, 49, 82, 1, 0),
(35, 50, 69, 3, 1),
(35, 51, 34, 3, 1),
(35, 52, 8, 3, 1),
(35, 53, 25, 2, 0),
(35, 54, 93, 1, 1),
(35, 55, 38, 2, 1),
(35, 56, 40, 3, 1),
(35, 57, 3, 1, 1),
(35, 58, 46, 1, 1),
(35, 59, 69, 3, 1),
(35, 60, 44, 3, 0),
(35, 61, 7, 3, 1),
(35, 62, 24, 3, 1),
(35, 63, 7, 2, 0),
(35, 64, 84, 1, 1),
(35, 65, 86, 2, 1),
(35, 66, 76, 3, 0),
(35, 67, 56, 1, 1),
(35, 68, 23, 2, 1),
(35, 69, 82, 1, 1),
(35, 70, 58, 1, 1),
(35, 72, 51, 1, 1),
(35, 73, 90, 3, 0),
(35, 74, 50, 2, 1),
(35, 75, 74, 3, 0),
(35, 76, 89, 1, 1),
(35, 77, 32, 1, 1),
(35, 78, 96, 3, 0),
(35, 81, 60, 2, 0),
(35, 83, 47, 2, 1),
(35, 84, 68, 2, 1),
(35, 85, 58, 3, 1),
(35, 86, 70, 1, 1),
(35, 87, 98, 1, 0),
(35, 88, 21, 3, 1),
(35, 89, 43, 3, 1),
(35, 90, 87, 1, 0),
(35, 91, 48, 3, 1),
(35, 92, 15, 1, 1),
(35, 95, 77, 3, 1),
(35, 96, 37, 1, 1),
(35, 99, 87, 3, 1),
(36, 1, 37, 2, 1),
(36, 2, 10, 3, 0),
(36, 3, 65, 3, 1),
(36, 4, 69, 1, 1),
(36, 5, 99, 3, 1),
(36, 6, 24, 2, 1),
(36, 7, 89, 2, 1),
(36, 8, 53, 3, 1),
(36, 9, 69, 3, 0),
(36, 10, 34, 2, 1),
(36, 11, 73, 2, 1),
(36, 12, 89, 3, 1),
(36, 13, 70, 1, 1),
(36, 14, 73, 3, 1),
(36, 15, 86, 3, 0),
(36, 16, 96, 2, 1),
(36, 19, 36, 2, 1),
(36, 20, 36, 3, 1),
(36, 21, 100, 1, 1),
(36, 22, 91, 2, 0),
(36, 23, 9, 2, 1),
(36, 25, 29, 1, 0),
(36, 27, 81, 3, 1),
(36, 29, 80, 2, 1),
(36, 30, 17, 2, 1),
(36, 31, 3, 2, 1),
(36, 32, 26, 3, 1),
(36, 33, 96, 2, 0),
(36, 38, 68, 3, 1),
(36, 39, 18, 1, 1),
(36, 40, 3, 1, 1),
(36, 41, 100, 2, 1),
(36, 43, 98, 1, 1),
(36, 44, 46, 2, 1),
(36, 45, 44, 3, 1),
(36, 47, 61, 1, 1),
(36, 48, 63, 2, 1),
(36, 49, 11, 3, 1),
(36, 50, 56, 1, 1),
(36, 51, 66, 3, 1),
(36, 52, 52, 1, 1),
(36, 53, 10, 1, 1),
(36, 54, 80, 1, 1),
(36, 55, 90, 1, 1),
(36, 58, 40, 2, 0),
(36, 60, 49, 3, 1),
(36, 61, 3, 3, 1),
(36, 62, 51, 2, 1),
(36, 65, 69, 3, 1),
(36, 67, 47, 1, 1),
(36, 70, 52, 2, 1),
(36, 71, 19, 1, 1),
(36, 72, 55, 2, 1),
(36, 73, 74, 1, 1),
(36, 74, 91, 2, 1),
(36, 75, 53, 2, 0),
(36, 77, 2, 3, 0),
(36, 80, 70, 3, 1),
(36, 81, 43, 3, 1),
(36, 82, 9, 1, 1),
(36, 84, 41, 3, 1),
(36, 85, 85, 3, 1),
(36, 86, 56, 3, 0),
(36, 88, 47, 3, 1),
(36, 89, 30, 2, 0),
(36, 90, 69, 1, 0),
(36, 91, 28, 1, 1),
(36, 92, 57, 2, 1),
(36, 94, 36, 1, 1),
(36, 95, 96, 1, 1),
(36, 96, 40, 3, 1),
(36, 101, 13, 1, 1),
(36, 103, 8, 3, 1),
(36, 104, 36, 1, 1),
(36, 106, 18, 3, 0),
(36, 107, 6, 1, 0),
(36, 108, 59, 3, 1),
(36, 110, 38, 1, 1),
(36, 111, 43, 1, 1),
(36, 112, 61, 3, 1),
(36, 113, 10, 3, 0),
(36, 114, 85, 1, 1),
(36, 115, 85, 3, 1),
(36, 116, 91, 1, 0),
(36, 117, 38, 2, 1),
(36, 118, 5, 2, 1),
(36, 122, 42, 1, 1),
(36, 123, 87, 1, 1),
(36, 124, 98, 3, 1),
(36, 125, 52, 2, 1),
(36, 126, 77, 1, 1),
(36, 127, 92, 3, 1),
(36, 128, 25, 3, 1),
(36, 129, 88, 2, 1),
(36, 130, 45, 3, 1),
(36, 131, 34, 2, 0),
(36, 132, 50, 3, 1),
(36, 133, 82, 2, 1),
(36, 136, 83, 1, 0),
(36, 139, 57, 3, 1),
(36, 140, 70, 1, 1),
(36, 141, 43, 2, 1),
(36, 144, 73, 1, 1),
(36, 145, 33, 2, 0),
(36, 146, 90, 1, 1),
(36, 147, 43, 1, 1),
(36, 149, 32, 1, 1),
(36, 150, 52, 2, 1),
(37, 1, 16, 2, 0),
(37, 2, 3, 2, 1),
(37, 4, 50, 3, 1),
(37, 5, 37, 3, 0),
(37, 6, 39, 2, 1),
(37, 7, 82, 2, 0),
(37, 8, 60, 2, 1),
(37, 9, 37, 3, 1),
(37, 10, 46, 2, 0),
(37, 12, 52, 2, 0),
(37, 15, 7, 3, 1),
(37, 16, 99, 2, 0),
(37, 17, 82, 3, 1),
(37, 19, 20, 2, 1),
(37, 20, 98, 3, 1),
(37, 21, 92, 3, 1),
(37, 23, 41, 3, 0),
(37, 24, 92, 2, 1),
(37, 25, 79, 3, 1),
(37, 26, 93, 3, 0),
(37, 27, 49, 3, 1),
(37, 28, 18, 3, 1),
(37, 30, 91, 3, 1),
(37, 31, 76, 3, 1),
(37, 32, 76, 1, 1),
(37, 33, 68, 2, 1),
(37, 35, 46, 3, 1),
(37, 36, 74, 2, 1),
(37, 37, 67, 1, 1),
(37, 38, 16, 3, 1),
(37, 39, 1, 2, 1),
(37, 40, 93, 3, 0),
(37, 44, 7, 1, 1),
(37, 49, 18, 1, 1),
(37, 50, 27, 3, 1),
(37, 51, 28, 1, 1),
(37, 52, 76, 1, 1),
(37, 53, 30, 1, 0),
(37, 54, 68, 3, 1),
(37, 55, 16, 1, 1),
(37, 56, 50, 3, 0),
(37, 57, 35, 2, 1),
(37, 59, 30, 1, 1),
(37, 61, 61, 3, 1),
(37, 62, 84, 2, 1),
(37, 64, 16, 2, 1),
(37, 65, 47, 1, 1),
(37, 66, 88, 3, 1),
(37, 67, 5, 2, 1),
(37, 70, 85, 3, 1),
(37, 71, 26, 1, 0),
(37, 72, 8, 2, 0),
(37, 76, 75, 2, 0),
(37, 77, 34, 2, 1),
(37, 78, 62, 1, 1),
(37, 80, 18, 1, 0),
(37, 82, 28, 3, 0),
(37, 83, 7, 3, 1),
(37, 85, 50, 3, 1),
(37, 86, 33, 2, 1),
(37, 87, 93, 1, 1),
(37, 88, 48, 2, 1),
(37, 90, 5, 2, 0),
(37, 92, 60, 3, 1),
(37, 94, 43, 3, 1),
(37, 95, 83, 1, 0),
(37, 96, 100, 3, 1),
(37, 97, 24, 1, 1),
(37, 99, 65, 3, 1),
(37, 100, 56, 1, 0),
(37, 101, 48, 1, 1),
(37, 102, 5, 2, 1),
(37, 103, 76, 3, 1),
(37, 104, 52, 2, 1),
(37, 105, 53, 2, 1),
(37, 106, 78, 1, 1),
(37, 108, 11, 2, 1),
(37, 109, 23, 3, 0),
(37, 110, 21, 2, 1),
(37, 111, 9, 2, 1),
(37, 112, 77, 2, 1),
(37, 113, 57, 1, 0),
(37, 114, 14, 3, 1),
(37, 116, 90, 3, 1),
(37, 119, 85, 3, 1),
(37, 122, 18, 1, 1),
(37, 123, 15, 1, 1),
(37, 124, 42, 2, 1),
(37, 125, 14, 3, 1),
(37, 127, 29, 3, 1),
(37, 128, 78, 3, 0),
(37, 129, 82, 2, 1),
(37, 130, 54, 3, 1),
(37, 132, 96, 3, 1),
(37, 134, 71, 1, 1),
(37, 136, 3, 3, 1),
(37, 138, 95, 1, 1),
(37, 139, 86, 3, 1),
(37, 141, 42, 3, 0),
(37, 144, 84, 2, 1),
(37, 146, 5, 2, 1),
(37, 147, 63, 3, 1),
(37, 148, 43, 2, 0),
(37, 149, 82, 1, 1),
(38, 1, 68, 1, 1),
(38, 2, 68, 3, 1),
(38, 4, 77, 3, 0),
(38, 5, 55, 3, 1),
(38, 6, 7, 2, 0),
(38, 7, 72, 3, 1),
(38, 8, 92, 2, 1),
(38, 9, 61, 2, 1),
(38, 10, 90, 1, 1),
(38, 11, 88, 3, 1),
(38, 12, 44, 1, 1),
(38, 13, 36, 2, 1),
(38, 14, 59, 3, 0),
(38, 15, 44, 2, 1),
(38, 16, 61, 1, 1),
(38, 17, 48, 2, 1),
(38, 18, 13, 1, 1),
(38, 20, 72, 2, 1),
(38, 22, 21, 3, 0),
(38, 23, 39, 3, 0),
(38, 24, 2, 1, 1),
(38, 28, 63, 1, 0),
(38, 29, 90, 3, 1),
(38, 30, 66, 3, 1),
(38, 31, 89, 3, 1),
(38, 32, 53, 1, 1),
(38, 33, 84, 1, 1),
(38, 34, 76, 3, 1),
(38, 35, 88, 1, 1),
(38, 36, 58, 1, 1),
(38, 37, 8, 3, 1),
(38, 38, 62, 1, 1),
(38, 39, 37, 3, 0),
(38, 40, 15, 2, 1),
(38, 41, 67, 2, 1),
(38, 42, 14, 2, 1),
(38, 43, 31, 1, 1),
(38, 44, 12, 3, 0),
(38, 46, 5, 3, 1),
(38, 47, 42, 1, 1),
(38, 48, 32, 2, 1),
(38, 49, 55, 1, 1),
(38, 50, 90, 2, 0),
(38, 51, 69, 3, 1),
(38, 52, 93, 1, 1),
(38, 53, 90, 3, 1),
(38, 56, 84, 2, 1),
(38, 57, 58, 2, 0),
(38, 59, 41, 3, 1),
(38, 60, 58, 3, 1),
(38, 61, 81, 1, 1),
(38, 62, 72, 3, 0),
(38, 63, 35, 3, 1),
(38, 64, 51, 2, 1),
(38, 65, 18, 1, 0),
(38, 67, 40, 2, 1),
(38, 68, 42, 1, 1),
(38, 69, 55, 1, 1),
(38, 70, 25, 1, 1),
(38, 71, 32, 1, 1),
(38, 72, 10, 2, 0),
(38, 73, 59, 1, 1),
(38, 74, 9, 2, 1),
(38, 75, 51, 2, 0),
(38, 77, 40, 1, 1),
(38, 78, 82, 1, 1),
(38, 79, 25, 1, 0),
(38, 80, 69, 1, 1),
(38, 82, 60, 1, 1),
(38, 83, 31, 3, 1),
(38, 84, 76, 2, 1),
(38, 85, 87, 3, 1),
(38, 86, 85, 1, 1),
(38, 87, 76, 3, 1),
(38, 88, 16, 2, 1),
(38, 89, 22, 3, 0),
(38, 91, 58, 3, 1),
(38, 92, 60, 1, 1),
(38, 93, 82, 3, 1),
(38, 94, 3, 3, 1),
(38, 95, 32, 3, 1),
(38, 96, 100, 3, 1),
(38, 97, 97, 1, 1),
(38, 98, 40, 3, 1),
(38, 99, 29, 1, 1),
(39, 1, 10, 2, 1),
(39, 3, 27, 1, 1),
(39, 7, 75, 3, 1),
(39, 10, 60, 1, 1),
(39, 13, 60, 2, 1),
(39, 14, 29, 1, 0),
(39, 15, 42, 2, 1),
(39, 16, 15, 3, 1),
(39, 18, 46, 3, 1),
(39, 19, 58, 2, 1),
(39, 21, 16, 3, 1),
(39, 23, 37, 2, 1),
(39, 24, 52, 2, 0),
(39, 26, 75, 2, 0),
(39, 29, 65, 1, 1),
(39, 31, 96, 3, 1),
(39, 32, 16, 1, 1),
(39, 33, 15, 3, 1),
(39, 34, 27, 3, 1),
(39, 35, 57, 1, 1),
(39, 36, 11, 3, 1),
(39, 38, 86, 2, 1),
(39, 39, 16, 1, 1),
(39, 40, 10, 1, 0),
(39, 41, 46, 1, 0),
(39, 42, 72, 1, 0),
(39, 45, 79, 3, 1),
(39, 49, 1, 2, 1),
(39, 50, 3, 3, 1),
(39, 51, 96, 2, 1),
(39, 52, 61, 3, 1),
(39, 53, 33, 1, 1),
(39, 54, 36, 2, 1),
(39, 55, 88, 2, 1),
(39, 56, 38, 2, 0),
(39, 57, 32, 3, 1),
(39, 58, 37, 3, 1),
(39, 60, 18, 1, 1),
(39, 62, 61, 2, 0),
(39, 64, 37, 3, 1),
(39, 66, 84, 2, 1),
(39, 67, 56, 2, 1),
(39, 68, 10, 2, 1),
(39, 69, 66, 1, 1),
(39, 70, 78, 1, 1),
(39, 73, 34, 3, 1),
(39, 74, 22, 1, 1),
(39, 75, 85, 3, 1),
(39, 76, 30, 3, 1),
(39, 77, 91, 3, 1),
(39, 79, 61, 1, 1),
(39, 81, 10, 3, 0),
(39, 84, 79, 3, 0),
(39, 86, 38, 2, 0),
(39, 87, 24, 2, 1),
(39, 92, 62, 2, 1),
(39, 93, 74, 2, 1),
(39, 94, 73, 2, 1),
(39, 96, 22, 3, 1),
(39, 98, 72, 2, 1),
(39, 100, 97, 3, 1),
(39, 104, 57, 1, 1),
(39, 105, 87, 2, 1),
(39, 106, 94, 3, 1),
(39, 108, 10, 2, 1),
(39, 109, 67, 1, 1),
(39, 110, 86, 2, 0),
(39, 113, 45, 2, 0),
(39, 114, 48, 1, 1),
(39, 116, 22, 1, 1),
(39, 117, 47, 1, 1),
(39, 118, 58, 2, 1),
(39, 120, 49, 1, 1),
(39, 124, 17, 3, 1),
(39, 125, 2, 1, 1),
(39, 126, 13, 3, 0),
(39, 127, 61, 1, 1),
(39, 129, 37, 3, 0),
(39, 130, 19, 3, 0),
(39, 131, 60, 2, 1),
(39, 132, 70, 3, 0),
(39, 134, 100, 1, 1),
(39, 135, 95, 3, 1),
(39, 136, 48, 1, 1),
(39, 137, 71, 2, 1),
(39, 138, 43, 3, 1),
(39, 139, 93, 3, 1),
(39, 143, 24, 3, 1),
(39, 144, 10, 1, 1),
(39, 145, 77, 1, 1),
(40, 3, 3, 2, 1),
(40, 4, 82, 3, 1),
(40, 5, 52, 1, 1),
(40, 6, 90, 1, 1),
(40, 7, 45, 2, 1),
(40, 8, 90, 2, 1),
(40, 9, 52, 1, 1),
(40, 11, 23, 2, 1),
(40, 12, 85, 3, 1),
(40, 13, 70, 3, 1),
(40, 14, 38, 1, 1),
(40, 20, 65, 3, 1),
(40, 21, 4, 1, 1),
(40, 22, 12, 3, 1),
(40, 24, 10, 3, 1),
(40, 25, 38, 3, 1),
(40, 27, 91, 1, 1),
(40, 28, 29, 1, 1),
(40, 29, 28, 2, 0),
(40, 30, 86, 3, 1),
(40, 33, 1, 3, 1),
(40, 34, 5, 1, 0),
(40, 35, 53, 1, 1),
(40, 36, 33, 1, 1),
(40, 37, 60, 2, 0),
(40, 38, 43, 2, 1),
(40, 39, 87, 1, 1),
(40, 40, 23, 3, 0),
(40, 42, 66, 2, 0),
(40, 43, 1, 3, 1),
(40, 44, 26, 2, 1),
(40, 45, 68, 1, 0),
(40, 46, 36, 2, 1),
(40, 47, 35, 1, 0),
(40, 48, 74, 2, 1),
(40, 49, 95, 2, 0),
(40, 50, 93, 1, 1),
(40, 51, 100, 2, 0),
(40, 52, 47, 3, 1),
(40, 53, 68, 1, 0),
(40, 54, 20, 3, 1),
(40, 55, 85, 3, 1),
(40, 56, 39, 1, 1),
(40, 57, 3, 3, 1),
(40, 58, 39, 1, 1),
(40, 59, 85, 2, 1),
(40, 60, 60, 3, 1),
(40, 61, 20, 1, 1),
(40, 63, 21, 2, 1),
(40, 65, 1, 2, 1),
(40, 66, 14, 2, 1),
(40, 67, 68, 1, 0),
(40, 68, 66, 2, 0),
(40, 70, 78, 1, 1),
(40, 71, 22, 2, 0),
(40, 73, 37, 3, 1),
(40, 75, 64, 2, 1),
(40, 76, 50, 1, 0),
(40, 77, 89, 3, 1),
(40, 78, 96, 2, 1),
(40, 80, 58, 3, 1),
(40, 81, 32, 3, 1),
(40, 82, 5, 2, 1),
(40, 83, 93, 1, 1),
(40, 84, 6, 3, 1),
(40, 85, 4, 2, 1),
(40, 86, 72, 2, 1),
(40, 87, 66, 2, 1),
(40, 88, 73, 1, 0),
(40, 89, 79, 1, 0),
(40, 90, 24, 2, 1),
(40, 91, 9, 3, 1),
(40, 92, 81, 3, 1),
(40, 94, 60, 3, 1),
(40, 95, 99, 2, 1),
(40, 96, 41, 3, 0),
(40, 97, 68, 1, 1),
(40, 99, 31, 3, 0),
(40, 100, 65, 2, 1),
(41, 3, 94, 1, 1),
(41, 4, 11, 1, 1),
(41, 6, 58, 1, 1),
(41, 7, 15, 2, 1),
(41, 8, 5, 3, 1),
(41, 9, 6, 3, 0),
(41, 11, 25, 2, 1),
(41, 13, 16, 3, 0),
(41, 14, 90, 2, 1),
(41, 15, 98, 2, 1),
(41, 17, 42, 3, 1),
(41, 20, 9, 3, 0),
(41, 21, 68, 1, 1),
(41, 22, 86, 2, 1),
(41, 23, 66, 2, 1),
(41, 24, 35, 2, 1),
(41, 25, 9, 2, 0),
(41, 26, 66, 1, 1),
(41, 28, 82, 3, 1),
(41, 29, 71, 2, 1),
(41, 30, 17, 1, 1),
(41, 31, 99, 2, 1),
(41, 32, 92, 1, 1),
(41, 34, 74, 1, 1),
(41, 37, 80, 2, 1),
(41, 38, 46, 1, 1),
(41, 39, 52, 2, 1),
(41, 40, 12, 1, 1),
(41, 41, 62, 1, 1),
(41, 43, 26, 3, 1),
(41, 44, 48, 1, 1),
(41, 46, 24, 2, 1),
(41, 47, 29, 1, 1),
(41, 48, 5, 2, 1),
(41, 51, 82, 3, 1),
(41, 52, 99, 2, 1),
(41, 54, 27, 2, 1),
(41, 56, 72, 2, 1),
(41, 57, 96, 1, 1),
(41, 58, 36, 3, 1),
(41, 60, 27, 1, 1),
(41, 61, 70, 1, 0),
(41, 62, 44, 3, 1),
(41, 63, 34, 2, 1),
(41, 65, 57, 1, 0),
(41, 66, 88, 3, 1),
(41, 68, 42, 2, 1),
(41, 69, 100, 3, 1),
(41, 70, 4, 1, 1),
(41, 72, 41, 2, 1),
(41, 73, 81, 2, 1),
(41, 74, 17, 3, 1),
(41, 76, 70, 1, 1),
(41, 77, 90, 2, 1),
(41, 78, 82, 1, 1),
(41, 79, 57, 1, 1),
(41, 80, 58, 2, 1),
(41, 83, 54, 2, 0),
(41, 85, 98, 2, 0),
(41, 86, 71, 3, 1),
(41, 87, 51, 2, 0),
(41, 88, 59, 2, 1),
(41, 89, 31, 2, 1),
(41, 90, 60, 2, 1),
(41, 91, 35, 2, 1),
(41, 92, 42, 3, 1),
(41, 93, 9, 1, 1),
(41, 94, 85, 2, 0),
(41, 95, 33, 3, 0),
(41, 96, 50, 2, 0),
(41, 97, 46, 3, 0),
(41, 98, 34, 1, 1),
(41, 99, 63, 3, 1),
(41, 100, 1, 3, 1),
(41, 101, 26, 3, 1),
(41, 102, 85, 1, 1),
(41, 103, 23, 2, 0),
(41, 104, 37, 2, 1),
(41, 106, 99, 1, 1),
(41, 107, 73, 3, 1),
(41, 108, 67, 2, 1),
(41, 111, 68, 1, 1),
(41, 112, 27, 1, 1),
(41, 113, 26, 1, 1),
(41, 114, 44, 1, 1),
(41, 115, 40, 2, 1),
(41, 117, 35, 3, 1),
(41, 118, 84, 3, 1),
(41, 121, 65, 3, 1),
(41, 122, 36, 3, 1),
(41, 125, 8, 2, 1),
(41, 126, 67, 3, 1),
(41, 128, 91, 1, 1),
(41, 129, 56, 2, 1),
(41, 130, 15, 2, 1),
(41, 131, 27, 2, 1),
(41, 132, 60, 1, 1),
(41, 133, 37, 2, 1),
(41, 134, 16, 1, 1),
(41, 136, 29, 3, 0),
(41, 137, 59, 1, 1),
(41, 139, 26, 3, 0),
(41, 140, 78, 3, 1),
(41, 141, 87, 1, 1),
(41, 142, 97, 1, 1),
(41, 144, 86, 3, 1),
(41, 145, 45, 2, 1),
(41, 146, 64, 2, 1),
(41, 150, 89, 2, 1),
(42, 3, 17, 1, 1),
(42, 4, 12, 3, 1),
(42, 5, 52, 3, 1),
(42, 7, 11, 3, 1),
(42, 8, 77, 1, 1),
(42, 9, 71, 3, 1),
(42, 11, 54, 3, 1),
(42, 13, 93, 1, 1),
(42, 14, 95, 1, 1),
(42, 15, 88, 2, 1),
(42, 16, 76, 3, 1),
(42, 17, 52, 3, 1),
(42, 20, 6, 2, 1),
(42, 21, 50, 2, 0),
(42, 22, 95, 3, 1),
(42, 23, 1, 1, 1),
(42, 24, 5, 3, 0),
(42, 25, 51, 3, 1),
(42, 26, 71, 3, 1),
(42, 27, 63, 2, 1),
(42, 28, 61, 2, 1),
(42, 29, 31, 2, 1),
(42, 30, 37, 2, 1),
(42, 31, 77, 1, 1),
(42, 33, 38, 1, 1),
(42, 34, 60, 3, 0),
(42, 35, 53, 3, 1),
(42, 36, 22, 3, 1),
(42, 38, 15, 3, 1),
(42, 40, 56, 3, 1),
(42, 41, 35, 3, 1),
(42, 42, 85, 3, 1),
(42, 43, 5, 1, 1),
(42, 44, 1, 3, 1),
(42, 45, 71, 1, 1),
(42, 48, 57, 2, 1),
(42, 49, 61, 3, 1),
(42, 50, 84, 2, 1),
(42, 54, 14, 3, 1),
(42, 55, 74, 3, 1),
(42, 56, 99, 2, 1),
(42, 59, 18, 1, 1),
(42, 61, 78, 2, 0),
(42, 62, 38, 1, 1),
(42, 63, 23, 3, 1),
(42, 64, 72, 3, 1),
(42, 65, 84, 1, 1),
(42, 66, 11, 2, 1),
(42, 67, 6, 1, 1),
(42, 68, 49, 1, 1),
(42, 70, 10, 3, 0),
(42, 71, 2, 1, 1),
(42, 74, 14, 3, 1),
(42, 75, 59, 2, 1),
(42, 76, 89, 3, 1),
(42, 77, 24, 2, 1),
(42, 78, 99, 3, 1),
(42, 79, 15, 3, 1),
(42, 80, 71, 2, 1),
(42, 81, 91, 2, 0),
(42, 82, 55, 2, 1),
(42, 84, 1, 2, 1),
(42, 86, 8, 2, 1),
(42, 87, 77, 3, 1),
(42, 88, 89, 3, 1),
(42, 90, 49, 2, 0),
(42, 91, 28, 2, 0),
(42, 92, 31, 1, 1),
(42, 93, 35, 3, 0),
(42, 94, 9, 2, 1),
(42, 95, 12, 2, 1),
(42, 96, 71, 3, 1),
(42, 100, 97, 2, 1),
(42, 101, 52, 3, 0),
(42, 102, 7, 2, 0),
(42, 104, 72, 3, 1),
(42, 105, 87, 2, 1),
(42, 106, 25, 2, 0),
(42, 108, 81, 3, 1),
(42, 109, 35, 2, 0),
(42, 110, 26, 2, 1),
(42, 111, 24, 3, 1),
(42, 112, 57, 3, 1),
(42, 113, 59, 1, 1),
(42, 114, 45, 2, 1),
(42, 115, 23, 3, 1),
(42, 116, 95, 1, 0),
(42, 117, 42, 3, 1),
(42, 118, 4, 3, 1),
(42, 119, 21, 1, 1),
(42, 122, 40, 1, 1),
(42, 123, 40, 2, 0),
(43, 1, 86, 3, 1),
(43, 2, 46, 3, 1),
(43, 4, 63, 1, 1),
(43, 5, 43, 3, 1),
(43, 6, 53, 1, 1),
(43, 8, 6, 2, 1),
(43, 9, 92, 1, 1),
(43, 10, 84, 3, 0),
(43, 12, 73, 1, 1),
(43, 13, 6, 2, 1),
(43, 14, 39, 1, 0),
(43, 15, 25, 1, 1),
(43, 16, 5, 3, 0),
(43, 17, 90, 2, 1),
(43, 18, 41, 1, 1),
(43, 19, 48, 2, 1),
(43, 20, 45, 3, 1),
(43, 21, 94, 1, 1),
(43, 22, 88, 3, 1),
(43, 23, 81, 2, 1),
(43, 24, 99, 1, 1),
(43, 25, 52, 2, 1),
(43, 26, 4, 2, 1),
(43, 28, 97, 3, 1),
(43, 30, 34, 2, 1),
(43, 31, 75, 1, 1),
(43, 32, 90, 2, 1),
(43, 33, 76, 1, 0),
(43, 34, 14, 1, 1),
(43, 35, 58, 2, 1),
(43, 36, 13, 1, 0),
(43, 37, 42, 1, 1),
(43, 38, 98, 2, 1),
(43, 39, 73, 1, 1),
(43, 40, 28, 1, 1),
(43, 41, 47, 3, 1),
(43, 42, 61, 2, 1),
(43, 43, 32, 1, 1),
(43, 44, 57, 3, 1),
(43, 45, 46, 2, 1),
(43, 46, 12, 1, 1),
(43, 47, 54, 1, 1),
(43, 48, 66, 1, 1),
(43, 50, 22, 3, 0),
(43, 51, 59, 2, 1),
(43, 52, 2, 2, 1),
(43, 53, 32, 2, 0),
(43, 54, 90, 2, 1),
(43, 55, 84, 1, 1),
(43, 56, 87, 1, 0),
(43, 57, 76, 1, 0),
(43, 58, 1, 2, 1),
(43, 59, 15, 3, 0),
(43, 60, 25, 1, 1),
(43, 61, 40, 2, 1),
(43, 62, 13, 2, 1),
(43, 63, 64, 1, 1),
(43, 64, 32, 2, 1),
(43, 65, 79, 3, 1),
(43, 66, 26, 2, 1),
(43, 67, 80, 3, 1),
(43, 68, 39, 2, 0),
(43, 69, 98, 2, 1),
(43, 71, 47, 2, 1),
(43, 72, 83, 1, 0),
(43, 73, 56, 2, 1),
(43, 74, 86, 3, 1),
(44, 2, 49, 3, 1),
(44, 3, 46, 1, 1),
(44, 4, 81, 2, 1),
(44, 5, 73, 2, 1),
(44, 6, 24, 3, 1),
(44, 7, 92, 1, 1),
(44, 9, 29, 1, 0),
(44, 11, 83, 3, 0),
(44, 15, 23, 1, 1),
(44, 18, 92, 1, 1),
(44, 20, 72, 2, 1),
(44, 21, 50, 1, 1),
(44, 22, 33, 2, 1),
(44, 23, 82, 3, 1),
(44, 24, 86, 1, 0),
(44, 25, 10, 3, 1),
(44, 27, 42, 2, 1),
(44, 28, 35, 1, 1),
(44, 30, 16, 1, 1),
(44, 31, 81, 2, 1),
(44, 32, 9, 3, 1),
(44, 34, 10, 2, 1),
(44, 35, 56, 3, 1),
(44, 37, 21, 3, 1),
(44, 39, 45, 3, 0),
(44, 40, 16, 1, 1),
(44, 41, 55, 3, 1),
(44, 42, 20, 3, 1),
(44, 43, 90, 2, 1),
(44, 44, 38, 2, 1),
(44, 45, 99, 3, 1),
(44, 46, 85, 1, 0),
(44, 48, 38, 2, 1),
(44, 49, 89, 3, 1),
(44, 50, 90, 2, 1),
(44, 52, 30, 1, 1),
(44, 55, 31, 1, 1),
(44, 56, 42, 3, 1),
(44, 58, 39, 3, 1),
(44, 59, 69, 3, 1),
(44, 60, 50, 3, 1),
(44, 61, 68, 1, 1),
(44, 62, 15, 1, 0),
(44, 63, 9, 1, 1),
(44, 64, 88, 1, 1),
(44, 65, 1, 2, 1),
(44, 67, 100, 1, 1),
(44, 69, 17, 2, 1),
(44, 70, 44, 1, 1),
(44, 71, 76, 2, 1),
(44, 72, 92, 2, 1),
(44, 73, 79, 2, 1),
(44, 74, 11, 1, 0),
(44, 75, 8, 2, 1),
(44, 76, 1, 2, 1),
(44, 77, 36, 2, 1),
(44, 78, 2, 1, 1),
(44, 79, 73, 1, 0),
(44, 80, 31, 3, 0),
(44, 81, 62, 1, 1),
(44, 82, 98, 2, 1),
(44, 84, 83, 2, 1),
(44, 86, 32, 3, 0),
(44, 87, 68, 3, 1),
(44, 88, 52, 3, 1),
(44, 89, 57, 1, 1),
(44, 90, 65, 2, 1),
(44, 91, 49, 1, 1),
(44, 92, 43, 2, 1),
(44, 93, 91, 1, 0),
(44, 96, 21, 3, 1),
(44, 97, 21, 2, 1),
(44, 98, 44, 2, 1),
(44, 99, 32, 3, 0),
(44, 100, 51, 2, 1),
(44, 102, 59, 1, 1),
(44, 104, 24, 1, 1),
(44, 106, 89, 3, 1),
(44, 109, 33, 3, 1),
(44, 110, 72, 2, 1),
(44, 114, 42, 3, 1),
(44, 115, 96, 1, 1),
(44, 116, 85, 3, 1),
(44, 117, 11, 1, 1),
(44, 118, 46, 1, 1),
(44, 119, 59, 3, 1),
(44, 120, 49, 2, 1),
(44, 122, 95, 1, 1),
(44, 123, 15, 2, 1),
(44, 124, 14, 3, 1),
(44, 125, 49, 3, 1),
(45, 2, 46, 3, 1),
(45, 3, 46, 1, 1),
(45, 4, 87, 1, 1),
(45, 5, 73, 3, 1),
(45, 7, 7, 1, 1),
(45, 8, 14, 3, 1),
(45, 9, 10, 2, 1),
(45, 10, 69, 2, 1),
(45, 11, 51, 1, 1),
(45, 12, 74, 2, 0),
(45, 13, 96, 1, 1),
(45, 14, 31, 3, 1),
(45, 16, 19, 3, 1),
(45, 18, 31, 2, 1),
(45, 19, 24, 3, 1),
(45, 20, 86, 2, 1),
(45, 21, 9, 3, 1),
(45, 22, 10, 1, 1),
(45, 23, 86, 1, 0),
(45, 25, 38, 1, 1),
(45, 26, 44, 1, 1),
(45, 27, 43, 3, 1),
(45, 28, 83, 1, 1),
(45, 29, 1, 3, 1),
(45, 30, 21, 2, 1),
(45, 31, 81, 3, 1),
(45, 32, 60, 2, 1),
(45, 34, 61, 3, 0),
(45, 35, 58, 1, 1),
(45, 36, 96, 3, 1),
(45, 37, 58, 1, 1),
(45, 38, 92, 2, 1),
(45, 39, 45, 1, 1),
(45, 40, 98, 3, 1),
(45, 41, 9, 3, 0),
(45, 42, 90, 2, 1),
(45, 43, 86, 2, 1),
(45, 45, 32, 1, 1),
(45, 46, 22, 3, 0),
(45, 47, 74, 2, 1),
(45, 48, 35, 2, 1),
(45, 49, 88, 2, 1),
(45, 50, 79, 2, 1),
(45, 52, 54, 1, 1),
(45, 53, 58, 1, 1),
(45, 54, 80, 1, 1),
(45, 56, 65, 2, 0),
(45, 57, 35, 2, 1),
(45, 59, 47, 3, 1),
(45, 60, 35, 1, 1),
(45, 63, 39, 1, 1),
(45, 64, 71, 3, 0),
(45, 65, 16, 2, 1),
(45, 66, 87, 2, 1),
(45, 67, 41, 2, 0),
(45, 68, 63, 1, 1),
(45, 69, 56, 1, 0),
(45, 70, 12, 3, 1),
(45, 71, 76, 2, 1),
(45, 72, 44, 2, 1),
(45, 73, 2, 3, 1),
(45, 74, 59, 1, 1),
(45, 75, 21, 2, 1),
(45, 76, 73, 2, 1),
(45, 77, 35, 3, 1),
(45, 78, 97, 1, 1),
(45, 79, 99, 2, 0),
(45, 81, 100, 2, 1),
(45, 82, 16, 3, 1),
(45, 83, 80, 3, 1),
(45, 84, 25, 1, 1),
(45, 85, 53, 1, 1),
(45, 86, 12, 1, 1),
(45, 88, 11, 2, 1),
(45, 89, 80, 2, 1),
(45, 92, 95, 1, 1),
(45, 93, 89, 2, 1),
(45, 94, 18, 2, 0),
(45, 96, 92, 1, 1),
(45, 99, 86, 3, 0),
(46, 1, 35, 1, 1),
(46, 2, 24, 3, 1),
(46, 3, 51, 1, 1),
(46, 6, 12, 2, 1),
(46, 8, 25, 3, 1),
(46, 9, 35, 1, 1),
(46, 10, 64, 1, 1),
(46, 11, 56, 2, 0),
(46, 12, 62, 2, 1),
(46, 13, 4, 1, 1),
(46, 15, 59, 3, 1),
(46, 16, 53, 3, 1),
(46, 17, 52, 2, 1),
(46, 18, 69, 1, 1),
(46, 19, 66, 2, 1),
(46, 20, 24, 2, 1),
(46, 21, 47, 1, 0),
(46, 22, 83, 2, 1),
(46, 23, 46, 2, 1),
(46, 24, 16, 1, 1),
(46, 25, 21, 1, 1),
(46, 26, 64, 3, 1),
(46, 27, 20, 3, 1),
(46, 28, 27, 2, 1),
(46, 30, 45, 3, 1),
(46, 31, 27, 3, 1),
(46, 32, 37, 2, 1),
(46, 33, 73, 3, 1),
(46, 34, 77, 3, 1),
(46, 35, 6, 3, 1),
(46, 36, 74, 3, 1),
(46, 38, 83, 1, 1),
(46, 39, 59, 1, 1),
(46, 41, 56, 2, 1),
(46, 43, 26, 1, 1),
(46, 44, 2, 1, 1),
(46, 45, 74, 1, 0),
(46, 46, 78, 1, 1),
(46, 47, 56, 2, 0),
(46, 48, 84, 2, 1),
(46, 49, 80, 1, 1),
(46, 51, 46, 2, 1),
(46, 52, 10, 2, 0),
(46, 53, 96, 2, 1),
(46, 54, 57, 3, 0),
(46, 55, 62, 1, 1),
(46, 56, 44, 2, 0),
(46, 58, 36, 3, 1),
(46, 59, 4, 2, 1),
(46, 62, 61, 3, 1),
(46, 63, 51, 3, 1),
(46, 64, 40, 1, 1),
(46, 65, 63, 2, 1),
(46, 66, 90, 1, 1),
(46, 67, 42, 3, 1),
(46, 68, 51, 3, 1),
(46, 71, 5, 2, 1),
(46, 72, 87, 3, 1),
(46, 74, 85, 3, 1),
(46, 77, 20, 2, 1),
(46, 78, 62, 3, 1),
(46, 79, 72, 3, 1),
(46, 80, 56, 3, 0),
(46, 82, 33, 3, 1),
(46, 83, 33, 1, 1),
(46, 84, 99, 1, 1),
(46, 86, 35, 1, 1),
(46, 88, 62, 1, 1),
(46, 89, 54, 1, 1),
(46, 90, 29, 3, 0),
(46, 92, 16, 1, 1),
(46, 94, 24, 2, 0),
(46, 95, 66, 2, 1),
(46, 98, 52, 3, 1),
(46, 99, 66, 1, 1),
(46, 100, 28, 2, 0),
(46, 101, 24, 2, 0),
(46, 102, 2, 1, 1),
(46, 103, 37, 1, 0),
(46, 105, 72, 1, 1),
(46, 106, 77, 2, 0),
(46, 107, 67, 1, 1),
(46, 108, 5, 2, 0),
(46, 109, 19, 2, 1),
(46, 111, 29, 1, 1),
(46, 112, 45, 2, 1),
(46, 113, 78, 1, 1),
(46, 115, 1, 3, 0),
(46, 117, 8, 3, 1),
(46, 118, 50, 2, 1),
(46, 119, 7, 3, 0),
(46, 120, 94, 2, 1),
(46, 121, 71, 3, 0),
(46, 123, 38, 2, 1),
(47, 1, 92, 3, 1),
(47, 2, 15, 2, 1),
(47, 4, 100, 2, 1),
(47, 6, 78, 1, 1),
(47, 7, 38, 2, 0),
(47, 10, 87, 1, 1),
(47, 11, 2, 2, 0),
(47, 12, 24, 3, 1),
(47, 13, 11, 2, 0),
(47, 14, 64, 2, 1),
(47, 15, 45, 2, 1),
(47, 16, 55, 2, 1),
(47, 17, 38, 2, 0),
(47, 18, 95, 2, 1),
(47, 19, 30, 2, 1),
(47, 20, 52, 2, 1),
(47, 22, 83, 2, 0),
(47, 23, 2, 3, 1),
(47, 24, 43, 3, 1),
(47, 25, 81, 3, 1),
(47, 26, 80, 2, 1),
(47, 28, 71, 3, 1),
(47, 29, 36, 2, 0),
(47, 30, 62, 1, 1),
(47, 31, 51, 1, 1),
(47, 33, 75, 3, 1),
(47, 34, 91, 2, 1),
(47, 35, 81, 1, 1),
(47, 36, 98, 2, 1),
(47, 38, 7, 2, 1),
(47, 39, 32, 1, 1),
(47, 41, 96, 2, 1),
(47, 42, 62, 2, 1),
(47, 43, 61, 1, 1),
(47, 44, 98, 1, 1),
(47, 45, 17, 2, 1),
(47, 46, 76, 1, 1),
(47, 49, 42, 3, 1),
(47, 50, 59, 3, 0),
(47, 52, 51, 3, 1),
(47, 53, 97, 2, 1),
(47, 54, 39, 3, 1),
(47, 55, 8, 1, 1),
(47, 56, 34, 2, 1),
(47, 58, 18, 3, 0),
(47, 60, 10, 1, 1),
(47, 61, 22, 1, 1),
(47, 62, 95, 3, 1),
(47, 63, 97, 1, 0),
(47, 64, 76, 3, 1),
(47, 65, 39, 3, 1),
(47, 67, 29, 2, 1),
(47, 68, 85, 3, 1),
(47, 69, 32, 1, 1),
(47, 70, 28, 2, 1),
(47, 72, 79, 3, 1),
(47, 73, 78, 3, 1),
(47, 74, 54, 1, 1),
(47, 75, 41, 2, 1),
(47, 76, 13, 1, 1),
(47, 77, 34, 1, 1),
(47, 80, 77, 2, 1),
(47, 81, 59, 1, 1),
(47, 82, 48, 2, 0),
(47, 84, 25, 2, 1),
(47, 85, 65, 2, 1),
(47, 87, 6, 3, 0),
(47, 88, 67, 2, 0),
(47, 89, 45, 1, 1),
(47, 91, 84, 2, 1),
(47, 92, 14, 1, 0),
(47, 93, 71, 1, 1),
(47, 94, 62, 1, 1),
(47, 95, 71, 1, 1),
(47, 97, 55, 3, 1),
(47, 98, 47, 2, 1),
(47, 99, 11, 3, 1),
(47, 100, 59, 2, 1),
(47, 101, 21, 1, 0),
(47, 102, 11, 2, 1),
(47, 103, 98, 3, 1),
(47, 104, 98, 1, 1),
(47, 105, 73, 1, 1),
(47, 106, 77, 2, 1),
(47, 109, 5, 3, 1),
(47, 111, 71, 2, 0),
(47, 113, 74, 1, 1),
(47, 115, 33, 1, 1),
(47, 116, 46, 1, 0),
(47, 117, 6, 3, 0),
(47, 119, 35, 2, 1),
(47, 120, 10, 2, 1),
(47, 121, 21, 1, 1),
(47, 123, 83, 3, 1),
(47, 125, 39, 2, 1),
(48, 1, 18, 1, 1),
(48, 3, 42, 2, 1),
(48, 4, 95, 1, 1),
(48, 7, 29, 1, 1),
(48, 9, 36, 2, 1),
(48, 14, 85, 2, 1),
(48, 15, 79, 1, 1),
(48, 17, 81, 1, 1),
(48, 19, 3, 3, 1),
(48, 20, 18, 3, 1),
(48, 21, 71, 3, 1),
(48, 22, 10, 1, 1),
(48, 23, 55, 1, 1),
(48, 24, 40, 2, 1),
(48, 25, 50, 1, 1),
(48, 26, 78, 1, 1),
(48, 27, 69, 1, 1),
(48, 28, 10, 3, 0),
(48, 29, 75, 2, 0),
(48, 30, 88, 2, 1),
(48, 31, 51, 2, 1),
(48, 33, 6, 3, 1),
(48, 34, 69, 3, 1),
(48, 35, 14, 3, 1),
(48, 36, 34, 2, 0),
(48, 37, 47, 1, 1),
(48, 39, 72, 2, 1),
(48, 40, 68, 3, 1),
(48, 41, 65, 2, 1),
(48, 42, 4, 1, 1),
(48, 43, 26, 1, 1),
(48, 46, 66, 3, 1),
(48, 47, 33, 3, 0),
(48, 48, 76, 2, 0),
(48, 49, 57, 2, 1),
(48, 51, 30, 1, 1),
(48, 52, 69, 3, 1),
(48, 53, 33, 2, 1),
(48, 54, 50, 3, 1),
(48, 55, 93, 1, 0),
(48, 56, 96, 3, 1),
(48, 58, 59, 2, 1),
(48, 59, 99, 1, 1),
(48, 64, 21, 3, 0),
(48, 65, 3, 2, 1),
(48, 66, 51, 2, 1),
(48, 67, 86, 2, 0),
(48, 68, 17, 2, 1),
(48, 69, 13, 2, 1),
(48, 70, 22, 1, 0),
(48, 71, 71, 1, 0),
(48, 72, 91, 2, 0),
(48, 74, 77, 1, 1),
(48, 75, 61, 2, 1),
(48, 76, 45, 2, 0),
(48, 77, 3, 2, 1),
(48, 78, 13, 2, 1),
(48, 79, 64, 1, 1),
(48, 81, 40, 2, 0),
(48, 82, 31, 2, 0),
(48, 84, 36, 3, 1),
(48, 85, 61, 3, 1),
(48, 86, 30, 2, 1),
(48, 87, 78, 3, 1),
(48, 88, 69, 3, 1),
(48, 89, 76, 1, 0),
(48, 90, 5, 1, 1),
(48, 91, 5, 3, 1),
(48, 92, 13, 3, 1),
(48, 93, 10, 1, 1),
(48, 95, 5, 1, 1),
(48, 96, 46, 1, 1),
(48, 99, 20, 2, 1),
(48, 101, 92, 1, 1),
(48, 102, 6, 2, 0),
(48, 103, 34, 1, 1),
(48, 105, 54, 2, 1),
(48, 106, 75, 1, 1),
(48, 107, 53, 2, 1),
(48, 108, 88, 3, 1),
(48, 109, 83, 3, 0),
(48, 111, 63, 2, 1),
(48, 112, 11, 2, 1),
(48, 113, 23, 1, 1),
(48, 114, 33, 2, 1),
(48, 115, 2, 3, 0),
(48, 116, 13, 3, 0),
(48, 118, 8, 1, 1),
(48, 120, 39, 2, 1),
(48, 121, 7, 2, 1),
(48, 122, 9, 1, 0),
(48, 123, 39, 3, 1),
(48, 125, 28, 2, 1),
(49, 1, 82, 1, 1),
(49, 2, 64, 2, 1),
(49, 3, 49, 3, 1),
(49, 4, 28, 3, 1),
(49, 5, 8, 1, 1),
(49, 6, 86, 3, 1),
(49, 8, 68, 3, 1),
(49, 9, 68, 3, 1),
(49, 10, 9, 1, 1),
(49, 12, 7, 1, 1),
(49, 13, 69, 3, 1),
(49, 14, 91, 1, 1),
(49, 15, 21, 1, 0),
(49, 16, 75, 1, 0),
(49, 17, 99, 3, 1),
(49, 18, 44, 1, 0),
(49, 19, 37, 2, 1),
(49, 20, 9, 3, 0),
(49, 21, 89, 3, 1),
(49, 22, 34, 1, 1),
(49, 23, 27, 3, 1),
(49, 24, 85, 2, 1),
(49, 25, 47, 2, 1),
(49, 26, 26, 2, 1),
(49, 28, 52, 3, 1),
(49, 29, 91, 3, 1),
(49, 30, 29, 1, 1),
(49, 31, 86, 1, 1),
(49, 32, 62, 1, 0),
(49, 33, 73, 1, 1),
(49, 34, 4, 3, 1),
(49, 35, 35, 3, 1),
(49, 36, 73, 1, 0),
(49, 37, 34, 2, 1),
(49, 38, 61, 1, 1),
(49, 39, 74, 3, 1),
(49, 40, 91, 1, 1),
(49, 41, 50, 1, 1),
(49, 42, 85, 3, 1),
(49, 44, 9, 2, 1),
(49, 45, 35, 2, 1),
(49, 46, 78, 2, 1),
(49, 47, 1, 1, 1),
(49, 48, 34, 1, 1),
(49, 50, 78, 1, 1),
(49, 51, 40, 3, 1),
(49, 52, 23, 1, 1),
(49, 53, 53, 2, 1),
(49, 54, 39, 3, 1),
(49, 55, 32, 2, 1),
(49, 56, 6, 1, 1),
(49, 57, 69, 1, 0),
(49, 59, 44, 2, 1),
(49, 60, 41, 1, 1),
(49, 61, 82, 3, 1),
(49, 62, 99, 1, 1),
(49, 63, 91, 2, 1),
(49, 64, 97, 3, 1),
(49, 65, 41, 3, 1),
(49, 66, 81, 3, 1),
(49, 67, 45, 2, 1),
(49, 68, 53, 3, 1),
(49, 69, 33, 2, 1),
(49, 70, 49, 3, 0),
(49, 71, 64, 1, 1),
(49, 72, 52, 1, 0),
(49, 73, 51, 2, 1),
(49, 74, 49, 1, 1),
(49, 75, 74, 1, 1),
(50, 1, 60, 3, 0),
(50, 4, 89, 1, 1),
(50, 6, 9, 3, 1),
(50, 9, 89, 1, 1),
(50, 10, 35, 2, 1),
(50, 15, 50, 3, 1),
(50, 16, 91, 1, 1),
(50, 17, 32, 1, 1),
(50, 18, 27, 3, 1),
(50, 20, 59, 3, 0),
(50, 22, 66, 2, 1),
(50, 23, 74, 1, 1),
(50, 24, 97, 2, 1),
(50, 26, 42, 2, 1),
(50, 27, 76, 2, 1),
(50, 28, 87, 2, 0),
(50, 29, 36, 3, 0),
(50, 32, 3, 3, 0),
(50, 33, 77, 2, 1),
(50, 35, 56, 3, 1),
(50, 36, 56, 3, 0),
(50, 37, 54, 3, 1),
(50, 38, 55, 2, 1),
(50, 39, 26, 3, 1),
(50, 40, 56, 3, 1),
(50, 41, 32, 2, 1),
(50, 42, 31, 2, 1),
(50, 43, 68, 3, 1),
(50, 44, 71, 3, 0),
(50, 45, 46, 3, 1),
(50, 46, 42, 2, 0),
(50, 47, 57, 1, 1),
(50, 49, 13, 2, 1),
(50, 50, 29, 2, 1),
(50, 51, 44, 2, 0),
(50, 52, 2, 2, 1),
(50, 55, 94, 1, 0),
(50, 58, 9, 2, 1),
(50, 59, 10, 3, 1),
(50, 60, 63, 2, 1),
(50, 61, 66, 2, 0),
(50, 62, 84, 1, 1),
(50, 63, 75, 2, 1),
(50, 64, 42, 3, 1),
(50, 67, 83, 3, 0),
(50, 68, 18, 2, 1),
(50, 70, 28, 1, 1),
(50, 71, 7, 1, 1),
(50, 75, 21, 2, 1),
(50, 76, 6, 3, 0),
(50, 80, 23, 2, 1),
(50, 82, 32, 3, 1),
(50, 83, 42, 3, 0),
(50, 84, 14, 2, 0),
(50, 86, 84, 2, 1),
(50, 88, 92, 1, 1),
(50, 89, 45, 2, 1),
(50, 90, 93, 1, 1),
(50, 95, 85, 3, 1),
(50, 98, 44, 3, 1),
(50, 99, 49, 2, 0),
(50, 100, 52, 3, 1),
(50, 104, 49, 1, 0),
(50, 106, 36, 2, 0),
(50, 107, 37, 1, 1),
(50, 108, 49, 2, 1),
(50, 109, 69, 3, 1),
(50, 110, 77, 1, 1),
(50, 111, 62, 2, 1),
(50, 113, 99, 3, 1),
(50, 114, 68, 1, 1),
(50, 115, 84, 3, 0),
(50, 117, 20, 3, 0),
(50, 118, 82, 1, 1),
(50, 119, 13, 2, 1),
(50, 121, 84, 3, 0),
(50, 122, 86, 3, 1),
(50, 124, 3, 1, 0),
(51, 1, 9, 1, 1),
(51, 3, 40, 2, 1),
(51, 4, 55, 3, 1),
(51, 5, 26, 1, 1),
(51, 6, 48, 2, 1),
(51, 7, 32, 3, 1),
(51, 8, 22, 1, 1),
(51, 9, 28, 2, 1),
(51, 10, 35, 2, 1),
(51, 12, 57, 1, 1),
(51, 13, 30, 3, 1),
(51, 14, 19, 2, 1),
(51, 15, 1, 3, 1),
(51, 16, 58, 2, 1),
(51, 17, 21, 2, 1),
(51, 18, 71, 3, 1),
(51, 21, 16, 2, 0),
(51, 22, 11, 1, 1),
(51, 23, 43, 2, 1),
(51, 24, 69, 1, 0),
(51, 25, 62, 3, 1),
(51, 27, 34, 3, 1),
(51, 29, 15, 1, 1),
(51, 30, 21, 3, 1),
(51, 31, 76, 3, 1),
(51, 32, 13, 3, 0),
(51, 35, 59, 2, 0),
(51, 36, 53, 3, 1),
(51, 37, 18, 2, 1),
(51, 38, 61, 2, 1),
(51, 39, 3, 3, 1),
(51, 40, 33, 1, 1),
(51, 41, 46, 3, 1),
(51, 43, 19, 1, 0),
(51, 45, 46, 2, 1),
(51, 46, 87, 2, 0),
(51, 47, 56, 2, 1),
(51, 48, 60, 3, 1),
(51, 49, 64, 1, 1),
(51, 50, 83, 2, 0),
(51, 51, 30, 3, 1),
(51, 52, 7, 3, 1),
(51, 53, 56, 2, 0),
(51, 55, 19, 1, 1),
(51, 56, 47, 1, 1),
(51, 57, 73, 2, 1),
(51, 58, 76, 1, 1),
(51, 60, 53, 1, 1),
(51, 61, 63, 2, 1),
(51, 62, 100, 2, 0),
(51, 63, 74, 2, 1),
(51, 64, 6, 3, 1),
(51, 65, 76, 1, 1),
(51, 66, 22, 3, 1),
(51, 67, 33, 2, 1),
(51, 68, 83, 3, 1),
(51, 69, 59, 1, 0),
(51, 70, 74, 3, 1),
(51, 71, 63, 2, 1),
(51, 72, 43, 2, 1),
(51, 73, 97, 2, 1),
(51, 74, 56, 3, 1),
(51, 75, 96, 3, 1),
(51, 76, 59, 1, 1),
(51, 77, 19, 3, 0),
(51, 79, 56, 2, 1),
(51, 80, 32, 3, 0),
(51, 81, 70, 2, 0),
(51, 82, 35, 2, 0),
(51, 83, 16, 3, 0),
(51, 86, 11, 2, 0),
(51, 88, 41, 3, 1),
(51, 89, 28, 1, 1),
(51, 91, 65, 2, 1),
(51, 93, 34, 2, 1),
(51, 94, 5, 2, 1),
(51, 100, 73, 3, 0),
(51, 102, 57, 2, 1),
(51, 103, 69, 2, 1),
(51, 105, 81, 1, 1),
(51, 106, 58, 3, 1),
(51, 107, 69, 2, 1),
(51, 108, 95, 1, 1),
(51, 109, 16, 1, 1),
(51, 110, 72, 3, 1),
(51, 112, 68, 3, 1),
(51, 113, 94, 1, 1),
(51, 114, 78, 1, 1),
(51, 117, 69, 1, 1),
(51, 118, 100, 1, 1),
(51, 119, 86, 2, 1),
(51, 120, 40, 3, 1),
(51, 121, 88, 2, 1),
(51, 122, 80, 1, 0),
(51, 123, 59, 2, 0),
(51, 124, 21, 2, 1),
(51, 125, 95, 3, 1),
(52, 3, 61, 3, 0),
(52, 4, 28, 1, 0),
(52, 5, 20, 3, 1),
(52, 7, 12, 2, 1),
(52, 9, 37, 2, 1),
(52, 11, 69, 1, 1),
(52, 13, 9, 3, 1),
(52, 14, 44, 3, 1),
(52, 17, 8, 1, 1),
(52, 18, 98, 1, 1),
(52, 21, 12, 3, 0),
(52, 24, 12, 2, 1),
(52, 25, 17, 1, 1),
(52, 27, 47, 1, 1),
(52, 28, 6, 3, 1),
(52, 30, 67, 3, 1),
(52, 32, 39, 2, 1),
(52, 33, 1, 3, 1),
(52, 34, 62, 2, 1),
(52, 35, 76, 2, 0),
(52, 38, 43, 3, 0),
(52, 39, 4, 3, 1),
(52, 41, 38, 2, 1),
(52, 42, 55, 3, 1),
(52, 43, 85, 3, 0),
(52, 44, 51, 2, 1),
(52, 45, 10, 3, 1),
(52, 46, 22, 1, 1),
(52, 49, 47, 2, 1),
(52, 50, 28, 2, 1),
(52, 53, 65, 1, 1),
(52, 54, 1, 1, 1),
(52, 58, 51, 2, 1),
(52, 60, 5, 1, 1),
(52, 61, 1, 1, 1),
(52, 65, 85, 3, 0),
(52, 66, 47, 3, 0),
(52, 69, 76, 3, 1),
(52, 70, 96, 2, 0),
(52, 71, 37, 3, 1),
(52, 73, 32, 1, 1),
(52, 77, 9, 2, 1),
(52, 81, 48, 3, 1),
(52, 82, 9, 3, 1),
(52, 87, 35, 3, 1),
(52, 88, 9, 1, 1),
(52, 89, 98, 3, 1),
(52, 90, 89, 2, 1),
(52, 91, 70, 2, 1),
(52, 92, 100, 3, 1),
(52, 94, 51, 3, 1),
(52, 95, 95, 3, 1),
(52, 96, 100, 3, 1),
(52, 97, 32, 2, 1),
(52, 99, 23, 2, 1),
(52, 101, 95, 1, 1),
(52, 103, 73, 1, 1),
(52, 105, 41, 2, 1),
(52, 107, 74, 1, 0),
(52, 110, 64, 2, 1),
(52, 114, 76, 2, 1),
(52, 116, 93, 2, 1),
(52, 119, 43, 3, 1),
(52, 121, 42, 1, 1),
(52, 122, 9, 3, 0),
(52, 123, 59, 2, 1),
(52, 124, 55, 1, 0),
(52, 128, 60, 3, 0),
(52, 129, 90, 3, 1),
(52, 132, 49, 2, 1),
(52, 134, 66, 3, 1),
(52, 139, 16, 1, 1),
(52, 141, 9, 1, 0),
(52, 142, 59, 1, 1),
(52, 144, 68, 3, 1),
(52, 147, 99, 3, 1),
(52, 148, 77, 1, 1),
(52, 149, 56, 2, 1),
(52, 153, 12, 2, 1),
(52, 154, 42, 3, 1),
(52, 155, 61, 1, 0),
(52, 156, 3, 3, 0),
(52, 157, 71, 1, 1),
(52, 158, 39, 1, 1),
(52, 159, 32, 3, 1),
(52, 161, 40, 2, 1),
(52, 162, 97, 1, 1),
(52, 163, 70, 3, 1),
(52, 165, 68, 3, 1),
(52, 167, 7, 1, 1),
(52, 170, 10, 3, 1),
(52, 171, 45, 2, 1),
(52, 172, 97, 1, 1),
(52, 175, 86, 2, 0),
(52, 176, 54, 1, 1),
(52, 177, 65, 2, 0),
(52, 178, 14, 2, 1),
(52, 179, 57, 1, 1),
(52, 181, 11, 3, 1),
(52, 182, 87, 3, 1),
(52, 183, 94, 2, 1),
(52, 184, 12, 3, 0),
(52, 186, 57, 1, 1),
(52, 187, 85, 2, 1),
(52, 188, 57, 2, 0),
(52, 189, 29, 2, 1),
(52, 190, 87, 1, 1),
(52, 192, 61, 1, 1),
(52, 193, 50, 3, 1),
(52, 195, 29, 2, 1),
(52, 197, 59, 2, 1),
(52, 199, 25, 2, 1),
(53, 1, 15, 3, 1),
(53, 2, 73, 1, 1),
(53, 3, 53, 1, 0),
(53, 4, 41, 3, 1),
(53, 5, 16, 1, 1),
(53, 6, 21, 1, 1),
(53, 7, 24, 2, 1),
(53, 8, 94, 1, 1),
(53, 11, 56, 1, 1),
(53, 14, 83, 3, 1),
(53, 15, 80, 3, 1),
(53, 16, 52, 1, 1),
(53, 17, 70, 2, 0),
(53, 18, 81, 2, 1),
(53, 19, 19, 3, 0),
(53, 21, 47, 3, 0),
(53, 22, 71, 3, 1),
(53, 23, 54, 2, 0),
(53, 24, 17, 1, 1),
(53, 26, 91, 1, 0),
(53, 27, 29, 3, 1),
(53, 29, 60, 1, 1),
(53, 30, 45, 1, 1),
(53, 32, 5, 3, 1),
(53, 33, 35, 1, 0),
(53, 36, 24, 3, 1),
(53, 38, 88, 1, 1),
(53, 39, 93, 1, 0),
(53, 41, 11, 3, 1),
(53, 43, 78, 2, 1),
(53, 46, 64, 2, 1),
(53, 47, 79, 3, 1),
(53, 48, 7, 1, 1),
(53, 49, 38, 1, 1),
(53, 50, 90, 1, 1),
(53, 53, 2, 1, 0),
(53, 54, 90, 2, 1),
(53, 55, 25, 1, 0),
(53, 59, 76, 2, 0),
(53, 61, 9, 2, 1),
(53, 62, 66, 2, 1),
(53, 63, 37, 3, 1),
(53, 64, 31, 3, 1),
(53, 65, 80, 2, 1),
(53, 66, 44, 1, 1),
(53, 68, 38, 3, 1),
(53, 69, 77, 2, 0),
(53, 70, 91, 1, 1),
(53, 71, 46, 3, 1),
(53, 72, 26, 2, 1),
(53, 73, 10, 3, 1),
(53, 74, 70, 3, 1),
(53, 76, 7, 2, 1),
(53, 77, 72, 3, 1),
(53, 78, 77, 2, 1),
(53, 80, 39, 3, 0),
(53, 81, 49, 2, 1),
(53, 82, 58, 2, 1),
(53, 83, 63, 3, 1),
(53, 85, 92, 3, 1),
(53, 86, 69, 2, 1),
(53, 88, 10, 3, 1),
(53, 90, 35, 1, 1),
(53, 91, 36, 3, 0),
(53, 92, 16, 2, 1),
(53, 93, 10, 1, 0),
(53, 95, 26, 2, 1),
(53, 99, 58, 2, 1),
(53, 100, 41, 2, 0),
(53, 104, 32, 3, 1),
(53, 105, 48, 2, 1),
(53, 106, 83, 1, 1),
(53, 109, 57, 3, 0),
(53, 111, 48, 1, 1),
(53, 113, 40, 1, 1),
(53, 114, 31, 3, 0),
(53, 115, 87, 1, 1),
(53, 116, 13, 2, 1),
(53, 117, 21, 1, 1),
(53, 118, 31, 1, 1),
(53, 119, 33, 1, 1),
(53, 120, 46, 2, 1),
(53, 121, 55, 3, 1),
(53, 123, 47, 1, 0),
(53, 124, 79, 1, 1),
(53, 125, 46, 3, 0),
(53, 126, 62, 2, 1),
(53, 129, 77, 1, 0),
(53, 130, 37, 1, 1),
(53, 131, 94, 1, 0),
(53, 132, 2, 3, 1),
(53, 134, 89, 2, 1),
(53, 135, 12, 2, 1),
(53, 138, 4, 2, 1),
(53, 139, 18, 2, 1),
(53, 140, 95, 1, 1),
(53, 143, 91, 3, 1),
(53, 144, 100, 2, 0),
(53, 145, 24, 2, 1),
(53, 147, 10, 2, 0),
(53, 149, 8, 2, 1),
(54, 1, 67, 3, 1),
(54, 2, 76, 3, 1),
(54, 3, 54, 2, 1),
(54, 4, 72, 3, 0),
(54, 5, 42, 2, 0),
(54, 6, 87, 1, 1),
(54, 7, 99, 2, 1),
(54, 8, 21, 3, 1),
(54, 9, 73, 2, 1),
(54, 10, 9, 1, 1),
(54, 12, 20, 1, 1),
(54, 15, 1, 2, 0),
(54, 16, 10, 3, 1),
(54, 17, 90, 3, 1),
(54, 18, 51, 1, 0),
(54, 19, 59, 3, 1),
(54, 20, 53, 3, 1),
(54, 21, 51, 2, 1),
(54, 22, 35, 3, 1),
(54, 23, 64, 1, 1),
(54, 24, 51, 1, 1),
(54, 25, 53, 2, 1),
(54, 26, 70, 3, 1),
(54, 27, 28, 3, 1),
(54, 28, 66, 2, 1),
(54, 32, 29, 3, 1),
(54, 35, 49, 1, 1),
(54, 36, 18, 3, 1),
(54, 37, 88, 3, 1),
(54, 38, 89, 1, 1),
(54, 39, 3, 1, 1),
(54, 40, 6, 3, 0),
(54, 41, 15, 2, 1),
(54, 42, 21, 1, 0),
(54, 43, 93, 1, 0),
(54, 44, 27, 3, 1),
(54, 45, 92, 3, 1),
(54, 47, 21, 2, 1),
(54, 49, 47, 1, 1),
(54, 50, 44, 2, 1),
(54, 51, 79, 3, 1),
(54, 52, 84, 1, 1),
(54, 53, 27, 3, 1),
(54, 54, 49, 1, 1),
(54, 55, 36, 2, 1),
(54, 56, 32, 3, 1),
(54, 57, 97, 2, 0),
(54, 58, 17, 2, 1),
(54, 59, 85, 2, 1),
(54, 60, 57, 1, 1),
(54, 61, 5, 1, 0),
(54, 62, 12, 3, 1),
(54, 63, 44, 2, 1),
(54, 65, 35, 2, 0),
(54, 66, 51, 1, 1),
(54, 67, 85, 1, 1),
(54, 69, 75, 1, 1),
(54, 70, 85, 2, 1),
(54, 72, 97, 2, 0),
(54, 73, 69, 2, 0),
(54, 74, 73, 2, 0),
(54, 75, 54, 3, 1),
(54, 76, 80, 2, 1),
(54, 77, 12, 2, 1),
(54, 78, 73, 1, 1),
(54, 79, 26, 3, 0),
(54, 80, 39, 2, 1),
(54, 81, 85, 3, 1),
(54, 82, 12, 1, 1),
(54, 83, 15, 3, 0),
(54, 85, 67, 3, 1),
(54, 86, 10, 3, 1),
(54, 88, 96, 1, 1),
(54, 89, 52, 3, 0),
(54, 90, 46, 2, 1),
(54, 91, 83, 2, 0),
(54, 92, 6, 1, 0),
(54, 93, 70, 3, 1),
(54, 94, 9, 3, 1),
(54, 95, 49, 1, 0),
(54, 97, 59, 2, 0),
(54, 98, 80, 2, 1),
(54, 99, 82, 1, 1),
(55, 1, 24, 2, 1),
(55, 2, 4, 1, 1),
(55, 3, 7, 2, 1),
(55, 4, 58, 2, 1),
(55, 5, 100, 3, 0),
(55, 6, 44, 3, 0),
(55, 7, 72, 2, 1),
(55, 8, 58, 1, 1),
(55, 9, 68, 2, 1),
(55, 10, 46, 3, 1),
(55, 11, 51, 3, 1),
(55, 12, 100, 1, 1),
(55, 13, 34, 1, 1),
(55, 14, 33, 2, 1),
(55, 15, 77, 2, 0),
(55, 16, 83, 2, 1),
(55, 17, 60, 1, 1),
(55, 18, 91, 3, 0),
(55, 19, 73, 2, 1),
(55, 20, 73, 3, 1),
(55, 21, 9, 1, 0),
(55, 22, 97, 3, 1),
(55, 23, 68, 2, 1),
(55, 25, 77, 3, 1),
(55, 26, 91, 3, 1),
(55, 27, 89, 1, 1),
(55, 28, 14, 1, 1),
(55, 30, 53, 2, 1),
(55, 31, 73, 3, 1),
(55, 32, 66, 3, 1),
(55, 33, 48, 3, 1),
(55, 34, 96, 1, 0),
(55, 35, 97, 2, 1),
(55, 36, 37, 2, 0),
(55, 37, 60, 1, 1),
(55, 38, 43, 2, 1),
(55, 40, 7, 1, 1),
(55, 41, 29, 2, 0),
(55, 42, 32, 3, 1),
(55, 43, 82, 3, 1),
(55, 45, 35, 3, 1),
(55, 46, 60, 3, 1),
(55, 47, 45, 1, 1),
(55, 48, 51, 2, 0),
(55, 49, 8, 1, 1),
(55, 50, 35, 2, 1),
(55, 51, 65, 3, 0),
(55, 52, 70, 2, 1),
(55, 53, 50, 1, 1),
(55, 54, 27, 3, 1),
(55, 55, 31, 2, 1),
(55, 56, 78, 1, 1),
(55, 57, 97, 2, 1),
(55, 59, 24, 2, 1),
(55, 60, 40, 1, 1),
(55, 61, 72, 3, 0),
(55, 62, 46, 2, 1),
(55, 63, 18, 1, 1),
(55, 64, 41, 3, 0),
(55, 66, 56, 2, 0),
(55, 67, 18, 2, 1),
(55, 68, 60, 2, 1),
(55, 69, 94, 2, 1),
(55, 70, 3, 1, 1),
(55, 71, 86, 2, 1),
(55, 72, 80, 2, 0),
(55, 74, 76, 3, 1),
(55, 75, 16, 2, 1),
(56, 2, 88, 3, 1),
(56, 3, 94, 1, 1),
(56, 4, 11, 3, 1),
(56, 5, 79, 3, 1),
(56, 6, 91, 2, 1),
(56, 7, 77, 1, 0),
(56, 8, 45, 1, 1),
(56, 9, 43, 3, 1),
(56, 10, 63, 1, 1),
(56, 11, 49, 2, 1),
(56, 12, 70, 1, 1),
(56, 13, 4, 1, 1),
(56, 14, 80, 3, 1),
(56, 17, 92, 2, 1),
(56, 18, 74, 2, 1),
(56, 21, 66, 2, 1),
(56, 22, 45, 3, 1),
(56, 23, 48, 3, 1),
(56, 24, 71, 1, 1),
(56, 25, 59, 3, 1),
(56, 26, 50, 2, 0),
(56, 29, 11, 2, 1),
(56, 30, 19, 2, 1),
(56, 31, 23, 2, 1),
(56, 32, 5, 3, 0),
(56, 33, 4, 2, 1),
(56, 35, 15, 3, 1),
(56, 36, 78, 3, 0),
(56, 37, 3, 1, 0),
(56, 38, 16, 2, 1),
(56, 39, 79, 3, 1),
(56, 40, 67, 3, 0),
(56, 41, 51, 1, 1),
(56, 43, 41, 1, 1),
(56, 45, 79, 3, 1),
(56, 46, 17, 1, 0),
(56, 47, 39, 3, 1),
(56, 48, 56, 1, 1),
(56, 49, 38, 2, 1),
(56, 50, 11, 3, 1),
(56, 51, 77, 2, 1),
(56, 52, 47, 3, 1),
(56, 53, 98, 1, 0),
(56, 56, 38, 2, 1),
(56, 57, 47, 1, 0),
(56, 58, 89, 2, 1),
(56, 59, 29, 2, 1),
(56, 60, 73, 2, 1),
(56, 61, 16, 3, 0),
(56, 62, 66, 3, 1),
(56, 63, 79, 3, 0),
(56, 64, 57, 2, 1),
(56, 65, 62, 3, 1),
(56, 68, 79, 1, 1),
(56, 69, 12, 3, 1),
(56, 70, 61, 3, 1),
(56, 71, 57, 3, 1),
(56, 73, 29, 3, 1),
(56, 74, 99, 1, 1),
(56, 76, 8, 2, 1),
(56, 79, 75, 2, 1),
(56, 80, 11, 1, 1),
(56, 81, 72, 3, 1),
(56, 84, 42, 2, 1),
(56, 85, 40, 2, 1),
(56, 87, 83, 1, 1),
(56, 88, 84, 3, 1),
(56, 89, 100, 3, 1),
(56, 90, 16, 1, 1),
(56, 91, 17, 2, 1),
(56, 94, 85, 3, 0),
(56, 95, 96, 1, 1),
(56, 97, 45, 1, 1),
(56, 98, 89, 1, 1),
(56, 99, 56, 3, 1),
(56, 100, 47, 2, 1),
(56, 101, 48, 3, 1),
(56, 103, 34, 1, 1),
(56, 105, 12, 3, 1),
(56, 107, 26, 2, 1),
(56, 110, 48, 1, 1),
(56, 111, 46, 1, 1),
(56, 114, 45, 1, 1),
(56, 115, 28, 1, 1),
(56, 116, 74, 3, 1),
(56, 117, 76, 1, 1),
(56, 120, 59, 3, 1),
(56, 121, 16, 2, 1),
(56, 122, 44, 3, 1),
(56, 123, 83, 1, 0),
(56, 124, 58, 2, 1),
(57, 2, 1, 3, 1),
(57, 3, 13, 3, 1),
(57, 4, 36, 2, 1),
(57, 5, 74, 1, 1),
(57, 7, 12, 1, 1),
(57, 8, 99, 1, 0),
(57, 9, 66, 2, 1),
(57, 10, 42, 1, 1),
(57, 11, 59, 3, 1),
(57, 12, 32, 3, 0),
(57, 13, 95, 2, 0),
(57, 14, 46, 3, 1),
(57, 15, 62, 1, 1),
(57, 16, 59, 3, 0),
(57, 17, 59, 3, 0),
(57, 18, 85, 3, 1),
(57, 19, 95, 2, 1),
(57, 20, 60, 3, 1),
(57, 21, 98, 2, 1),
(57, 22, 57, 1, 1),
(57, 23, 32, 1, 0),
(57, 24, 13, 3, 1),
(57, 25, 25, 1, 1),
(57, 26, 28, 1, 1),
(57, 27, 76, 2, 1),
(57, 28, 52, 2, 1),
(57, 29, 54, 3, 0),
(57, 30, 38, 1, 1),
(57, 31, 43, 1, 0),
(57, 32, 3, 1, 1),
(57, 33, 29, 2, 1),
(57, 34, 68, 2, 1),
(57, 35, 63, 3, 1),
(57, 36, 59, 1, 1),
(57, 37, 78, 2, 1),
(57, 38, 98, 2, 0),
(57, 39, 35, 1, 1),
(57, 40, 38, 1, 0),
(57, 41, 88, 2, 1),
(57, 42, 48, 3, 1),
(57, 43, 10, 1, 1),
(57, 44, 71, 2, 1),
(57, 46, 38, 1, 0),
(57, 47, 51, 1, 1),
(57, 49, 50, 1, 1),
(58, 3, 82, 3, 0),
(58, 4, 3, 1, 1),
(58, 5, 31, 2, 0),
(58, 6, 44, 1, 1),
(58, 7, 40, 2, 1),
(58, 9, 89, 2, 0),
(58, 10, 100, 2, 1),
(58, 12, 93, 1, 0),
(58, 13, 82, 1, 1),
(58, 16, 14, 2, 1),
(58, 18, 4, 3, 1),
(58, 19, 90, 1, 1),
(58, 21, 80, 3, 1),
(58, 22, 56, 2, 1),
(58, 23, 61, 3, 1),
(58, 24, 97, 3, 1),
(58, 25, 19, 3, 1),
(58, 26, 46, 3, 1),
(58, 27, 40, 2, 0),
(58, 28, 93, 3, 1),
(58, 29, 31, 2, 1),
(58, 31, 69, 2, 1),
(58, 33, 27, 2, 1),
(58, 34, 92, 2, 1),
(58, 35, 88, 2, 1),
(58, 38, 77, 3, 1),
(58, 39, 14, 1, 1),
(58, 41, 12, 2, 1),
(58, 46, 92, 3, 1),
(58, 47, 2, 3, 1),
(58, 48, 97, 2, 1),
(58, 49, 57, 1, 1),
(58, 51, 34, 2, 1),
(58, 53, 94, 3, 1),
(58, 58, 1, 3, 1),
(58, 59, 99, 1, 0),
(58, 61, 91, 3, 1),
(58, 62, 76, 1, 1),
(58, 63, 69, 3, 1),
(58, 64, 23, 1, 1),
(58, 65, 9, 1, 1),
(58, 66, 38, 2, 1),
(58, 67, 93, 3, 1),
(58, 68, 35, 2, 1),
(58, 69, 98, 1, 1),
(58, 70, 29, 1, 0),
(58, 72, 78, 2, 1),
(58, 73, 54, 1, 1),
(58, 74, 97, 1, 1),
(58, 75, 8, 3, 1),
(58, 78, 30, 1, 1),
(58, 79, 33, 1, 1),
(58, 81, 8, 2, 0),
(58, 82, 17, 3, 1),
(58, 83, 44, 1, 1),
(58, 84, 72, 1, 1),
(58, 85, 61, 1, 1),
(58, 87, 28, 3, 1),
(58, 88, 74, 1, 1),
(58, 90, 61, 1, 1),
(58, 91, 52, 3, 1),
(58, 93, 63, 2, 1),
(58, 94, 23, 2, 1),
(58, 95, 16, 1, 1),
(58, 96, 98, 3, 1),
(58, 98, 73, 2, 0),
(58, 99, 2, 2, 1),
(58, 101, 21, 2, 1),
(58, 106, 55, 2, 1),
(58, 107, 4, 3, 1),
(58, 109, 75, 3, 1),
(58, 110, 43, 2, 1),
(58, 111, 32, 3, 1),
(58, 112, 19, 1, 1),
(58, 114, 30, 3, 1),
(58, 115, 95, 1, 1),
(58, 117, 90, 3, 1),
(58, 118, 78, 3, 1),
(58, 120, 16, 1, 1),
(58, 123, 3, 1, 1),
(58, 124, 55, 1, 1),
(58, 125, 97, 3, 0),
(59, 1, 44, 3, 1),
(59, 2, 59, 2, 1),
(59, 3, 9, 3, 1),
(59, 4, 42, 3, 1),
(59, 5, 5, 1, 1),
(59, 6, 75, 2, 0),
(59, 7, 28, 3, 1),
(59, 8, 10, 2, 1),
(59, 9, 6, 3, 1),
(59, 10, 72, 2, 1),
(59, 11, 32, 3, 1),
(59, 12, 63, 2, 1),
(59, 13, 9, 1, 0),
(59, 14, 72, 2, 1),
(59, 15, 93, 1, 0),
(59, 16, 65, 2, 1),
(59, 17, 35, 2, 1),
(59, 19, 92, 2, 1),
(59, 20, 4, 3, 1),
(59, 21, 16, 1, 1),
(59, 22, 60, 3, 0),
(59, 23, 44, 2, 1),
(59, 25, 29, 3, 1),
(59, 26, 39, 2, 0),
(59, 28, 4, 3, 1),
(59, 29, 22, 2, 1),
(59, 30, 96, 1, 1),
(59, 31, 48, 2, 1),
(59, 33, 13, 1, 1),
(59, 34, 4, 1, 1),
(59, 35, 56, 2, 1),
(59, 36, 94, 2, 1),
(59, 37, 56, 1, 1),
(59, 38, 23, 3, 0),
(59, 39, 75, 1, 1),
(59, 40, 44, 2, 1),
(59, 42, 62, 1, 0),
(59, 43, 28, 3, 1),
(59, 44, 86, 1, 1),
(59, 45, 30, 2, 1),
(59, 46, 8, 1, 0),
(59, 47, 99, 2, 1),
(59, 48, 50, 2, 0),
(59, 49, 76, 2, 1),
(59, 50, 54, 2, 1),
(59, 52, 5, 3, 1),
(59, 53, 61, 1, 0),
(59, 54, 26, 1, 1),
(59, 55, 21, 1, 1),
(59, 56, 77, 3, 0),
(59, 57, 14, 3, 1),
(59, 58, 59, 3, 1),
(59, 61, 72, 1, 1),
(59, 62, 51, 2, 1),
(59, 65, 54, 2, 0),
(59, 66, 50, 3, 0),
(59, 67, 88, 3, 1),
(59, 68, 24, 1, 1),
(59, 69, 20, 2, 1),
(59, 71, 30, 3, 1),
(59, 72, 33, 1, 1),
(59, 73, 52, 2, 1),
(59, 74, 79, 3, 0),
(59, 75, 64, 2, 1),
(59, 76, 77, 1, 0),
(59, 78, 37, 1, 0),
(59, 79, 21, 2, 1),
(59, 80, 97, 1, 1),
(59, 81, 97, 2, 1),
(59, 82, 42, 2, 0),
(59, 83, 83, 1, 1),
(59, 84, 9, 2, 1),
(59, 85, 42, 3, 1),
(59, 87, 36, 3, 1),
(59, 89, 1, 2, 1),
(59, 90, 19, 3, 0),
(59, 91, 7, 1, 1),
(59, 92, 16, 3, 1),
(59, 93, 56, 2, 1),
(59, 94, 38, 3, 1),
(59, 95, 21, 3, 1),
(59, 99, 22, 2, 1),
(59, 100, 36, 1, 0),
(59, 101, 73, 1, 1),
(59, 102, 60, 1, 1),
(59, 103, 15, 3, 0),
(59, 104, 70, 2, 1),
(59, 105, 84, 2, 0),
(59, 106, 26, 3, 0),
(59, 107, 26, 3, 1),
(59, 108, 41, 2, 1),
(59, 110, 62, 3, 1),
(59, 111, 34, 2, 1),
(59, 113, 12, 1, 1),
(59, 115, 61, 1, 1),
(59, 116, 70, 3, 1),
(59, 117, 4, 1, 1),
(59, 118, 57, 1, 1),
(59, 121, 64, 1, 1),
(59, 122, 11, 2, 1),
(59, 123, 7, 2, 0),
(59, 124, 95, 1, 0),
(60, 2, 28, 3, 1),
(60, 4, 26, 2, 1),
(60, 5, 5, 1, 1),
(60, 7, 56, 1, 1),
(60, 8, 92, 3, 1),
(60, 9, 11, 1, 1),
(60, 10, 88, 1, 1),
(60, 11, 82, 1, 1),
(60, 12, 30, 1, 1),
(60, 13, 34, 3, 1),
(60, 14, 84, 1, 0),
(60, 15, 59, 1, 1),
(60, 16, 19, 1, 1),
(60, 17, 77, 3, 1),
(60, 18, 12, 2, 1),
(60, 20, 91, 2, 1),
(60, 21, 14, 2, 1),
(60, 22, 26, 2, 1),
(60, 26, 7, 1, 1),
(60, 27, 24, 3, 0),
(60, 28, 85, 2, 1),
(60, 30, 72, 3, 1),
(60, 31, 44, 2, 1),
(60, 32, 49, 3, 1),
(60, 34, 57, 2, 0),
(60, 35, 3, 3, 1),
(60, 36, 38, 1, 1),
(60, 39, 35, 3, 1),
(60, 40, 11, 3, 1),
(60, 41, 65, 2, 1),
(60, 42, 96, 2, 1),
(60, 44, 10, 2, 1),
(60, 45, 89, 2, 1),
(60, 46, 99, 3, 1),
(60, 47, 25, 3, 1),
(60, 48, 77, 1, 1),
(60, 51, 81, 3, 1),
(60, 52, 12, 3, 1),
(60, 53, 57, 3, 0),
(60, 55, 5, 2, 1),
(60, 56, 41, 3, 1),
(60, 57, 60, 3, 1),
(60, 58, 52, 1, 1),
(60, 59, 11, 1, 0),
(60, 60, 53, 2, 1),
(60, 64, 99, 1, 1),
(60, 66, 15, 1, 1),
(60, 67, 23, 2, 0),
(60, 69, 4, 2, 0),
(60, 71, 29, 2, 1),
(60, 72, 50, 2, 1),
(60, 73, 76, 3, 1),
(60, 75, 16, 3, 1),
(60, 76, 40, 1, 0),
(60, 77, 86, 2, 1),
(60, 78, 70, 3, 0),
(60, 79, 13, 2, 1),
(60, 80, 43, 3, 1),
(60, 81, 43, 1, 1),
(60, 82, 10, 2, 1),
(60, 83, 96, 3, 1),
(60, 86, 65, 2, 1),
(60, 88, 92, 1, 1),
(60, 89, 36, 2, 1),
(60, 90, 43, 2, 1),
(60, 91, 99, 1, 1),
(60, 92, 39, 3, 1),
(60, 96, 77, 1, 1),
(60, 97, 95, 1, 1),
(60, 98, 52, 3, 1),
(60, 99, 57, 3, 1),
(60, 101, 60, 2, 0),
(60, 102, 84, 1, 1),
(60, 103, 2, 1, 1),
(60, 104, 58, 1, 1),
(60, 105, 94, 2, 1),
(60, 106, 14, 2, 1),
(60, 107, 25, 2, 0),
(60, 108, 68, 1, 1),
(60, 109, 100, 2, 1),
(60, 110, 45, 1, 0),
(60, 111, 38, 3, 0),
(60, 112, 42, 3, 1),
(60, 113, 93, 3, 1),
(60, 116, 24, 1, 1),
(60, 117, 91, 1, 1),
(60, 118, 96, 2, 1),
(60, 119, 22, 1, 1),
(60, 120, 10, 1, 1),
(60, 121, 31, 1, 1),
(60, 122, 53, 1, 1),
(60, 123, 39, 2, 1),
(60, 125, 51, 1, 1),
(61, 2, 54, 3, 1),
(61, 3, 81, 1, 1),
(61, 4, 81, 2, 1),
(61, 7, 82, 3, 1),
(61, 8, 95, 1, 0),
(61, 9, 12, 3, 1),
(61, 12, 91, 1, 1),
(61, 13, 13, 1, 1),
(61, 16, 38, 3, 1),
(61, 18, 16, 2, 1),
(61, 19, 51, 1, 1),
(61, 21, 28, 2, 1),
(61, 22, 24, 3, 1),
(61, 23, 94, 2, 1),
(61, 24, 64, 1, 1),
(61, 27, 23, 1, 1),
(61, 30, 86, 3, 1),
(61, 34, 17, 1, 1),
(61, 37, 86, 3, 1),
(61, 38, 67, 3, 0),
(61, 39, 1, 2, 1),
(61, 40, 94, 2, 1),
(61, 44, 99, 1, 1),
(61, 46, 91, 2, 1),
(61, 47, 5, 1, 1),
(61, 48, 19, 3, 1),
(61, 49, 72, 1, 1),
(61, 50, 61, 3, 1),
(61, 51, 38, 2, 1),
(61, 54, 27, 3, 1),
(61, 55, 89, 2, 1),
(61, 58, 90, 1, 1),
(61, 59, 45, 1, 1),
(61, 60, 30, 3, 1),
(61, 61, 84, 1, 1),
(61, 62, 77, 1, 0),
(61, 64, 11, 1, 1),
(61, 65, 18, 3, 1),
(61, 67, 97, 3, 1),
(61, 68, 61, 2, 1),
(61, 69, 99, 1, 1),
(61, 70, 39, 3, 1),
(61, 71, 62, 2, 1),
(61, 72, 80, 3, 0),
(61, 73, 40, 2, 1),
(61, 74, 85, 2, 1),
(61, 75, 89, 3, 1),
(61, 76, 64, 3, 1),
(61, 77, 16, 3, 1),
(61, 78, 38, 3, 1),
(61, 80, 40, 3, 0),
(61, 81, 59, 1, 1),
(61, 82, 44, 2, 1),
(61, 83, 45, 3, 1),
(61, 84, 23, 3, 1),
(61, 86, 17, 2, 1),
(61, 87, 15, 3, 0),
(61, 90, 94, 1, 0),
(61, 91, 3, 2, 1),
(61, 92, 81, 2, 0),
(61, 93, 82, 2, 1),
(61, 94, 91, 2, 1),
(61, 97, 57, 2, 1),
(61, 98, 44, 1, 1),
(61, 99, 91, 2, 1),
(61, 100, 33, 3, 1),
(61, 103, 37, 1, 0),
(61, 104, 9, 3, 1),
(61, 107, 89, 2, 1),
(61, 108, 44, 3, 1),
(61, 109, 44, 2, 1),
(61, 112, 90, 2, 1),
(61, 114, 15, 2, 1),
(61, 115, 63, 1, 1),
(61, 116, 87, 1, 1),
(61, 117, 21, 3, 1),
(61, 118, 16, 2, 0),
(61, 119, 68, 2, 1),
(61, 120, 22, 1, 1),
(61, 122, 88, 2, 1),
(61, 123, 14, 2, 0),
(61, 124, 11, 1, 1),
(61, 125, 35, 2, 1),
(62, 4, 48, 2, 0),
(62, 5, 82, 2, 1),
(62, 6, 11, 1, 1),
(62, 7, 4, 3, 1),
(62, 9, 6, 1, 1),
(62, 10, 95, 1, 1),
(62, 11, 66, 2, 0),
(62, 12, 3, 1, 1),
(62, 13, 21, 2, 1),
(62, 14, 72, 1, 1),
(62, 15, 99, 1, 1),
(62, 17, 88, 2, 1),
(62, 18, 40, 3, 1),
(62, 19, 61, 1, 1),
(62, 20, 75, 2, 1),
(62, 21, 18, 3, 1),
(62, 22, 32, 2, 1),
(62, 23, 54, 2, 1),
(62, 24, 38, 1, 1),
(62, 25, 54, 3, 1),
(62, 27, 51, 2, 1),
(62, 29, 42, 3, 1),
(62, 30, 75, 1, 1),
(62, 31, 65, 2, 0),
(62, 32, 79, 3, 1),
(62, 33, 19, 1, 1),
(62, 35, 51, 3, 1),
(62, 36, 22, 1, 0),
(62, 37, 44, 2, 1),
(62, 38, 89, 2, 1),
(62, 39, 96, 1, 1),
(62, 40, 56, 2, 0),
(62, 41, 73, 2, 0),
(62, 42, 3, 2, 0),
(62, 43, 10, 2, 0),
(62, 44, 5, 3, 1),
(62, 46, 53, 3, 0),
(62, 47, 78, 2, 1),
(62, 48, 71, 1, 1),
(62, 52, 65, 2, 0),
(62, 53, 94, 1, 1),
(62, 54, 32, 2, 1),
(62, 55, 45, 2, 1),
(62, 56, 29, 3, 1),
(62, 57, 43, 1, 0),
(62, 58, 69, 1, 1),
(62, 59, 50, 2, 0),
(62, 60, 100, 1, 1),
(62, 61, 36, 3, 1),
(62, 62, 48, 1, 1),
(62, 66, 26, 2, 0),
(62, 67, 51, 1, 1),
(62, 68, 70, 2, 1),
(62, 70, 98, 3, 0),
(62, 71, 8, 1, 0),
(62, 72, 91, 2, 1),
(62, 73, 40, 2, 0),
(62, 74, 88, 2, 0),
(62, 76, 45, 2, 1),
(62, 77, 12, 2, 1),
(62, 78, 7, 3, 0),
(62, 79, 84, 2, 1),
(62, 82, 61, 3, 1),
(62, 83, 24, 3, 0),
(62, 84, 43, 3, 1),
(62, 86, 1, 3, 0),
(62, 87, 26, 1, 1),
(62, 88, 83, 2, 1),
(62, 89, 82, 2, 1),
(62, 90, 9, 1, 1),
(62, 91, 58, 1, 1),
(62, 92, 97, 1, 1),
(62, 93, 64, 2, 1),
(62, 94, 42, 1, 1),
(62, 95, 19, 3, 0),
(62, 96, 25, 2, 1),
(62, 97, 24, 3, 0),
(62, 98, 20, 1, 1),
(62, 99, 90, 3, 0),
(63, 1, 34, 3, 1),
(63, 2, 4, 2, 1),
(63, 3, 24, 3, 1),
(63, 4, 55, 1, 1),
(63, 5, 42, 3, 1),
(63, 6, 47, 2, 0),
(63, 7, 49, 3, 1),
(63, 8, 28, 1, 0),
(63, 9, 16, 2, 1),
(63, 14, 25, 2, 1),
(63, 15, 80, 1, 1),
(63, 17, 76, 1, 1),
(63, 18, 92, 1, 1),
(63, 19, 76, 1, 1),
(63, 20, 38, 2, 1),
(63, 22, 1, 2, 1),
(63, 23, 36, 3, 1),
(63, 24, 40, 1, 1),
(63, 26, 21, 3, 1),
(63, 27, 15, 3, 1),
(63, 28, 47, 1, 1),
(63, 29, 12, 2, 1),
(63, 30, 20, 2, 0),
(63, 31, 26, 1, 1),
(63, 33, 13, 2, 1),
(63, 34, 84, 3, 1),
(63, 35, 87, 2, 0),
(63, 36, 94, 3, 1),
(63, 38, 30, 1, 1),
(63, 39, 74, 1, 1),
(63, 40, 20, 2, 1),
(63, 41, 82, 2, 1),
(63, 42, 18, 2, 0),
(63, 44, 80, 2, 1),
(63, 45, 47, 3, 0),
(63, 46, 62, 1, 1),
(63, 47, 83, 2, 1),
(63, 48, 42, 2, 1),
(63, 49, 34, 2, 1),
(63, 50, 48, 1, 0),
(63, 51, 88, 3, 1),
(63, 52, 37, 3, 1),
(63, 55, 45, 1, 1),
(63, 56, 51, 2, 0),
(63, 59, 10, 3, 1),
(63, 60, 39, 2, 1),
(63, 61, 16, 3, 1),
(63, 62, 17, 2, 0),
(63, 63, 80, 2, 1),
(63, 64, 4, 1, 0),
(63, 65, 51, 2, 1),
(63, 66, 34, 3, 1),
(63, 67, 46, 1, 1),
(63, 68, 31, 3, 1),
(63, 69, 22, 2, 0),
(63, 70, 63, 3, 1),
(63, 72, 72, 1, 1),
(63, 73, 84, 1, 1),
(63, 74, 54, 3, 1),
(63, 75, 97, 1, 0),
(64, 1, 81, 2, 1),
(64, 2, 89, 2, 1),
(64, 3, 70, 3, 1),
(64, 4, 37, 1, 1),
(64, 5, 10, 3, 1),
(64, 6, 62, 1, 0),
(64, 7, 60, 2, 1),
(64, 8, 15, 2, 0),
(64, 9, 49, 1, 1),
(64, 10, 67, 2, 1),
(64, 11, 79, 1, 1),
(64, 12, 21, 1, 1),
(64, 13, 8, 1, 0),
(64, 14, 26, 2, 1),
(64, 15, 79, 1, 1),
(64, 16, 91, 1, 1),
(64, 17, 18, 2, 1),
(64, 18, 76, 3, 1),
(64, 19, 82, 2, 1),
(64, 20, 60, 1, 1),
(64, 21, 14, 3, 0),
(64, 22, 22, 2, 1),
(64, 24, 36, 3, 1),
(64, 25, 10, 1, 1),
(64, 26, 78, 2, 1),
(64, 27, 16, 3, 1),
(64, 28, 40, 2, 1),
(64, 29, 60, 2, 0),
(64, 30, 62, 2, 1),
(64, 31, 48, 3, 1),
(64, 32, 85, 1, 1),
(64, 33, 78, 1, 0),
(64, 34, 54, 3, 1),
(64, 35, 34, 3, 1),
(64, 37, 92, 3, 1),
(64, 38, 93, 1, 1),
(64, 39, 30, 2, 1),
(64, 40, 61, 2, 1),
(64, 41, 5, 1, 1),
(64, 42, 83, 3, 1),
(64, 43, 76, 2, 1),
(64, 44, 41, 2, 0),
(64, 45, 74, 3, 0),
(64, 46, 12, 3, 1),
(64, 48, 42, 3, 1),
(64, 49, 29, 1, 1),
(64, 50, 50, 2, 1),
(64, 51, 8, 3, 1),
(64, 52, 44, 3, 1),
(64, 53, 2, 3, 1),
(64, 54, 90, 1, 1),
(64, 55, 14, 2, 0),
(64, 56, 8, 2, 1),
(64, 57, 43, 2, 1),
(64, 58, 92, 1, 1),
(64, 59, 18, 1, 1),
(64, 60, 41, 1, 1),
(64, 61, 74, 1, 1),
(64, 62, 82, 3, 1),
(64, 63, 5, 2, 0),
(64, 64, 5, 2, 0),
(64, 65, 41, 3, 1),
(64, 66, 74, 3, 1),
(64, 68, 28, 1, 1),
(64, 69, 35, 3, 1),
(64, 70, 34, 3, 0),
(64, 71, 58, 3, 1),
(64, 72, 62, 1, 1),
(64, 73, 70, 1, 0),
(64, 74, 44, 2, 1),
(64, 75, 47, 1, 1),
(65, 3, 65, 3, 1),
(65, 5, 6, 2, 0),
(65, 7, 38, 3, 1),
(65, 8, 56, 3, 0),
(65, 9, 4, 3, 1),
(65, 11, 84, 3, 1),
(65, 12, 34, 1, 1),
(65, 14, 3, 2, 1),
(65, 16, 1, 2, 1),
(65, 17, 27, 3, 0),
(65, 19, 63, 1, 0),
(65, 21, 73, 1, 1),
(65, 24, 81, 3, 1),
(65, 25, 69, 3, 1),
(65, 26, 64, 3, 1),
(65, 28, 34, 3, 1),
(65, 32, 6, 1, 0),
(65, 33, 85, 1, 1),
(65, 34, 53, 1, 1),
(65, 36, 12, 3, 0),
(65, 38, 17, 3, 1),
(65, 39, 65, 1, 0),
(65, 42, 80, 1, 1),
(65, 43, 36, 3, 1),
(65, 45, 63, 1, 1),
(65, 46, 41, 1, 1),
(65, 47, 100, 2, 1),
(65, 48, 14, 1, 1),
(65, 49, 6, 2, 1),
(65, 50, 75, 2, 1),
(65, 51, 67, 2, 1),
(65, 53, 67, 1, 1),
(65, 55, 25, 1, 1),
(65, 56, 94, 2, 1),
(65, 57, 89, 1, 1),
(65, 58, 46, 2, 1),
(65, 59, 87, 3, 1),
(65, 60, 64, 3, 0),
(65, 62, 70, 2, 1),
(65, 63, 83, 3, 0),
(65, 64, 2, 1, 1),
(65, 67, 100, 1, 1),
(65, 68, 96, 3, 1),
(65, 69, 60, 3, 1),
(65, 73, 68, 2, 0),
(65, 74, 73, 1, 1),
(65, 76, 46, 2, 1),
(65, 77, 16, 1, 0),
(65, 79, 62, 3, 1),
(65, 82, 55, 3, 1),
(65, 83, 37, 2, 1),
(65, 84, 7, 1, 1),
(65, 86, 91, 2, 1),
(65, 87, 58, 1, 1),
(65, 88, 22, 3, 1),
(65, 89, 74, 1, 1),
(65, 91, 88, 3, 1),
(65, 93, 33, 1, 1),
(65, 94, 9, 3, 0),
(65, 98, 34, 2, 1),
(65, 104, 81, 1, 1),
(65, 106, 65, 1, 1),
(65, 107, 16, 1, 1),
(65, 110, 98, 2, 1),
(65, 112, 55, 3, 1),
(65, 113, 6, 1, 1),
(65, 117, 70, 1, 0),
(65, 118, 30, 1, 1),
(65, 119, 82, 2, 1),
(65, 120, 2, 2, 0),
(65, 123, 45, 3, 1),
(65, 125, 67, 2, 1),
(65, 126, 98, 1, 1),
(65, 129, 68, 2, 1),
(65, 130, 42, 3, 1),
(65, 131, 67, 3, 1),
(65, 132, 1, 1, 1),
(65, 133, 55, 1, 1),
(65, 134, 86, 1, 0),
(65, 135, 2, 2, 1),
(65, 136, 10, 1, 0),
(65, 140, 89, 2, 1),
(65, 141, 87, 3, 1),
(65, 142, 28, 2, 1),
(65, 145, 73, 3, 1),
(65, 146, 18, 2, 1),
(65, 148, 12, 2, 1),
(65, 149, 76, 1, 1),
(66, 1, 88, 1, 1),
(66, 2, 7, 3, 1),
(66, 3, 6, 3, 1),
(66, 4, 9, 3, 1),
(66, 6, 87, 2, 1),
(66, 8, 59, 3, 0),
(66, 9, 73, 2, 1),
(66, 10, 75, 2, 1),
(66, 11, 61, 3, 1),
(66, 12, 44, 2, 1),
(66, 13, 20, 3, 1),
(66, 14, 95, 2, 1),
(66, 15, 66, 1, 1),
(66, 16, 58, 1, 0),
(66, 17, 15, 3, 1),
(66, 18, 45, 1, 1),
(66, 20, 96, 1, 1),
(66, 21, 28, 1, 1),
(66, 22, 55, 1, 1),
(66, 23, 99, 3, 1),
(66, 24, 59, 1, 1),
(66, 25, 84, 1, 1),
(66, 26, 78, 3, 0),
(66, 27, 44, 1, 1),
(66, 28, 41, 2, 1),
(66, 29, 73, 1, 1),
(66, 30, 11, 2, 1),
(66, 31, 75, 3, 1),
(66, 32, 22, 2, 1),
(66, 33, 69, 1, 1),
(66, 35, 91, 1, 0),
(66, 36, 12, 2, 1),
(66, 37, 74, 3, 1),
(66, 38, 50, 3, 1),
(66, 39, 88, 2, 1),
(66, 40, 29, 2, 1),
(66, 41, 17, 1, 1),
(66, 42, 76, 2, 0),
(66, 43, 51, 2, 1),
(66, 44, 84, 1, 0),
(66, 45, 88, 3, 1),
(66, 46, 90, 2, 0),
(66, 48, 76, 3, 1),
(66, 49, 47, 3, 0),
(66, 50, 67, 3, 1),
(66, 51, 37, 1, 1),
(66, 52, 18, 2, 1),
(66, 53, 51, 3, 1),
(66, 54, 11, 3, 0),
(66, 55, 83, 2, 0),
(66, 56, 34, 1, 1),
(66, 57, 72, 3, 1),
(66, 58, 53, 1, 0),
(66, 59, 34, 3, 1),
(66, 60, 66, 1, 1),
(66, 61, 61, 3, 0),
(66, 62, 98, 1, 1);
INSERT INTO `tickets` (`seance_id`, `seat_number`, `client_id`, `ticket_type_id`, `payment_status`) VALUES
(66, 63, 83, 2, 1),
(66, 64, 5, 3, 0),
(66, 65, 40, 3, 0),
(66, 66, 48, 2, 1),
(66, 67, 24, 2, 1),
(66, 68, 91, 1, 1),
(66, 69, 16, 1, 1),
(66, 70, 76, 3, 1),
(66, 71, 72, 2, 1),
(66, 72, 86, 2, 0),
(66, 74, 4, 2, 1),
(66, 75, 36, 3, 1),
(67, 2, 98, 3, 1),
(67, 3, 2, 3, 1),
(67, 4, 79, 3, 0),
(67, 5, 64, 1, 1),
(67, 6, 78, 1, 1),
(67, 7, 86, 2, 1),
(67, 8, 34, 3, 1),
(67, 9, 52, 3, 1),
(67, 10, 58, 1, 1),
(67, 11, 59, 1, 1),
(67, 12, 51, 3, 0),
(67, 13, 96, 1, 1),
(67, 14, 32, 1, 1),
(67, 15, 86, 1, 1),
(67, 16, 31, 3, 0),
(67, 17, 82, 3, 1),
(67, 18, 63, 2, 1),
(67, 19, 12, 1, 1),
(67, 20, 65, 3, 1),
(67, 21, 99, 2, 1),
(67, 22, 4, 3, 1),
(67, 23, 14, 3, 1),
(67, 24, 49, 3, 1),
(67, 25, 54, 2, 0),
(67, 26, 74, 3, 1),
(67, 27, 41, 2, 1),
(67, 28, 17, 2, 1),
(67, 29, 75, 2, 1),
(67, 30, 36, 1, 1),
(67, 31, 28, 1, 1),
(67, 32, 66, 3, 1),
(67, 33, 37, 1, 0),
(67, 34, 91, 3, 1),
(67, 36, 91, 3, 1),
(67, 37, 34, 1, 1),
(67, 38, 64, 3, 1),
(67, 39, 32, 2, 1),
(67, 40, 16, 1, 0),
(67, 41, 23, 3, 1),
(67, 42, 84, 1, 1),
(67, 43, 43, 3, 0),
(67, 45, 100, 1, 0),
(67, 46, 64, 1, 1),
(67, 47, 19, 3, 1),
(67, 48, 56, 3, 1),
(67, 49, 88, 1, 1),
(67, 50, 85, 2, 1),
(67, 51, 27, 2, 1),
(67, 52, 51, 2, 1),
(67, 53, 47, 1, 1),
(67, 54, 28, 1, 1),
(67, 55, 14, 1, 1),
(67, 56, 40, 1, 1),
(67, 57, 47, 1, 0),
(67, 58, 1, 1, 1),
(67, 59, 48, 2, 1),
(67, 60, 84, 3, 1),
(67, 61, 81, 2, 0),
(67, 62, 7, 3, 1),
(67, 63, 72, 2, 0),
(67, 65, 86, 3, 0),
(67, 66, 37, 3, 0),
(67, 67, 23, 2, 0),
(67, 68, 8, 3, 1),
(67, 69, 40, 1, 0),
(67, 70, 29, 1, 1),
(67, 71, 28, 2, 1),
(67, 72, 28, 3, 1),
(67, 73, 59, 1, 0),
(67, 74, 22, 2, 1),
(67, 75, 16, 1, 1),
(68, 2, 29, 2, 1),
(68, 5, 97, 1, 1),
(68, 6, 66, 3, 1),
(68, 7, 53, 3, 0),
(68, 8, 58, 1, 1),
(68, 9, 78, 2, 1),
(68, 10, 16, 1, 0),
(68, 11, 86, 3, 1),
(68, 12, 25, 1, 1),
(68, 13, 97, 3, 1),
(68, 14, 19, 1, 1),
(68, 15, 74, 2, 1),
(68, 16, 47, 2, 1),
(68, 17, 99, 3, 1),
(68, 18, 48, 3, 0),
(68, 19, 26, 2, 1),
(68, 20, 31, 1, 0),
(68, 21, 31, 1, 1),
(68, 22, 2, 2, 1),
(68, 23, 16, 3, 1),
(68, 24, 55, 3, 1),
(68, 26, 42, 3, 1),
(68, 27, 58, 2, 1),
(68, 29, 56, 3, 1),
(68, 30, 2, 2, 0),
(68, 31, 31, 3, 1),
(68, 32, 61, 3, 1),
(68, 34, 52, 2, 1),
(68, 35, 53, 3, 1),
(68, 36, 63, 3, 1),
(68, 37, 61, 2, 0),
(68, 38, 8, 3, 0),
(68, 40, 10, 3, 0),
(68, 41, 67, 3, 1),
(68, 43, 32, 2, 0),
(68, 44, 17, 2, 0),
(68, 46, 96, 3, 1),
(68, 48, 63, 3, 1),
(68, 50, 84, 2, 1),
(68, 51, 22, 1, 1),
(68, 53, 44, 3, 1),
(68, 54, 74, 1, 0),
(68, 55, 24, 3, 1),
(68, 56, 10, 2, 0),
(68, 57, 4, 2, 1),
(68, 58, 88, 3, 1),
(68, 59, 5, 1, 1),
(68, 60, 80, 1, 1),
(68, 61, 30, 1, 1),
(68, 62, 47, 3, 1),
(68, 63, 46, 2, 0),
(68, 64, 23, 1, 1),
(68, 65, 65, 1, 1),
(68, 67, 48, 1, 1),
(68, 68, 64, 1, 1),
(68, 70, 34, 2, 1),
(68, 71, 64, 3, 0),
(68, 72, 44, 2, 1),
(68, 73, 8, 3, 1),
(68, 74, 6, 1, 1),
(68, 75, 32, 1, 1),
(68, 76, 56, 3, 1),
(68, 78, 30, 3, 1),
(68, 79, 2, 1, 1),
(68, 80, 12, 2, 1),
(68, 81, 79, 1, 1),
(68, 82, 2, 2, 1),
(68, 83, 46, 3, 1),
(68, 85, 13, 1, 0),
(68, 86, 33, 1, 1),
(68, 87, 92, 3, 1),
(68, 88, 60, 3, 0),
(68, 90, 85, 3, 1),
(68, 91, 46, 1, 1),
(68, 93, 41, 2, 1),
(68, 94, 37, 1, 0),
(68, 95, 45, 1, 0),
(68, 96, 19, 2, 1),
(68, 97, 47, 1, 1),
(68, 98, 97, 1, 1),
(68, 99, 37, 2, 1),
(68, 100, 20, 1, 1),
(69, 2, 2, 1, 1),
(69, 3, 19, 3, 1),
(69, 4, 2, 2, 0),
(69, 5, 73, 1, 0),
(69, 6, 40, 1, 1),
(69, 7, 80, 2, 1),
(69, 9, 29, 1, 1),
(69, 10, 22, 3, 1),
(69, 11, 62, 1, 0),
(69, 12, 96, 2, 1),
(69, 13, 11, 3, 1),
(69, 14, 61, 3, 1),
(69, 15, 20, 3, 1),
(69, 16, 57, 2, 1),
(69, 17, 88, 1, 1),
(69, 18, 21, 1, 1),
(69, 19, 13, 3, 1),
(69, 20, 54, 3, 1),
(69, 22, 4, 2, 1),
(69, 23, 88, 1, 1),
(69, 24, 31, 1, 1),
(69, 25, 7, 2, 1),
(69, 27, 91, 2, 0),
(69, 28, 99, 2, 1),
(69, 30, 98, 2, 1),
(69, 31, 70, 1, 1),
(69, 32, 53, 1, 0),
(69, 33, 95, 1, 1),
(69, 34, 7, 3, 1),
(69, 35, 89, 3, 1),
(69, 36, 7, 1, 1),
(69, 37, 31, 1, 1),
(69, 38, 21, 2, 1),
(69, 39, 60, 1, 0),
(69, 42, 33, 2, 0),
(69, 43, 10, 1, 1),
(69, 44, 81, 3, 1),
(69, 45, 28, 2, 1),
(69, 46, 82, 1, 0),
(69, 47, 61, 2, 1),
(69, 48, 52, 1, 1),
(69, 49, 44, 1, 1),
(69, 51, 3, 2, 1),
(69, 52, 14, 1, 1),
(69, 53, 30, 3, 1),
(69, 54, 48, 2, 1),
(69, 55, 38, 3, 0),
(69, 56, 25, 1, 1),
(69, 57, 20, 1, 1),
(69, 58, 94, 3, 1),
(69, 60, 24, 1, 1),
(69, 61, 49, 1, 0),
(69, 63, 56, 2, 1),
(69, 64, 64, 3, 1),
(69, 65, 54, 3, 1),
(69, 66, 93, 1, 1),
(69, 67, 63, 2, 1),
(69, 68, 76, 2, 1),
(69, 69, 83, 3, 1),
(69, 70, 94, 1, 0),
(69, 71, 76, 2, 1),
(69, 72, 28, 2, 1),
(69, 73, 45, 3, 1),
(69, 74, 36, 3, 1),
(69, 76, 11, 1, 1),
(69, 77, 81, 3, 1),
(69, 78, 65, 3, 1),
(69, 79, 42, 1, 0),
(69, 82, 79, 1, 1),
(69, 83, 66, 1, 1),
(69, 84, 57, 3, 1),
(69, 85, 68, 1, 1),
(69, 86, 5, 3, 1),
(69, 87, 59, 1, 1),
(69, 88, 81, 1, 0),
(69, 89, 34, 1, 1),
(69, 91, 55, 3, 1),
(69, 92, 58, 1, 1),
(69, 93, 38, 3, 1),
(69, 94, 74, 3, 1),
(69, 95, 89, 1, 1),
(69, 96, 6, 1, 1),
(69, 98, 38, 2, 1),
(69, 99, 84, 1, 1),
(69, 100, 60, 3, 1),
(70, 1, 40, 3, 1),
(70, 2, 57, 3, 1),
(70, 3, 73, 2, 1),
(70, 4, 59, 3, 1),
(70, 5, 34, 3, 1),
(70, 6, 22, 1, 1),
(70, 8, 72, 1, 1),
(70, 9, 1, 3, 0),
(70, 10, 32, 2, 1),
(70, 12, 68, 3, 1),
(70, 13, 67, 1, 0),
(70, 14, 18, 3, 1),
(70, 15, 84, 2, 1),
(70, 16, 90, 2, 1),
(70, 17, 2, 1, 1),
(70, 18, 23, 3, 1),
(70, 19, 62, 2, 1),
(70, 20, 44, 1, 1),
(70, 21, 31, 3, 1),
(70, 22, 68, 1, 1),
(70, 26, 69, 2, 0),
(70, 27, 34, 3, 0),
(70, 28, 21, 2, 1),
(70, 29, 86, 1, 0),
(70, 30, 97, 3, 1),
(70, 31, 52, 1, 1),
(70, 32, 46, 3, 1),
(70, 33, 52, 2, 1),
(70, 34, 34, 3, 1),
(70, 38, 19, 3, 1),
(70, 39, 45, 1, 1),
(70, 40, 88, 1, 1),
(70, 41, 73, 1, 1),
(70, 42, 59, 3, 1),
(70, 43, 37, 1, 1),
(70, 44, 23, 1, 0),
(70, 45, 11, 3, 1),
(70, 46, 67, 1, 0),
(70, 47, 22, 2, 1),
(70, 48, 80, 3, 1),
(70, 49, 32, 3, 1),
(70, 50, 49, 2, 1),
(70, 51, 16, 3, 1),
(70, 52, 44, 1, 0),
(70, 53, 80, 2, 1),
(70, 54, 24, 3, 1),
(70, 55, 32, 2, 1),
(70, 57, 17, 3, 1),
(70, 58, 49, 3, 1),
(70, 59, 85, 1, 1),
(70, 60, 61, 1, 0),
(70, 61, 79, 1, 1),
(70, 62, 1, 3, 1),
(70, 63, 19, 2, 0),
(70, 64, 89, 2, 0),
(70, 65, 50, 2, 1),
(70, 66, 93, 3, 1),
(70, 67, 96, 2, 1),
(70, 68, 23, 2, 1),
(70, 69, 79, 3, 1),
(70, 70, 95, 2, 1),
(70, 71, 49, 1, 0),
(70, 72, 81, 2, 1),
(70, 73, 81, 3, 1),
(70, 74, 76, 1, 1),
(70, 75, 85, 1, 1),
(71, 1, 12, 1, 1),
(71, 2, 92, 1, 1),
(71, 3, 13, 1, 1),
(71, 5, 34, 1, 1),
(71, 6, 87, 2, 1),
(71, 7, 36, 1, 0),
(71, 8, 97, 1, 1),
(71, 9, 10, 3, 1),
(71, 10, 65, 2, 1),
(71, 11, 61, 3, 1),
(71, 12, 60, 1, 1),
(71, 14, 28, 3, 1),
(71, 15, 1, 2, 1),
(71, 16, 36, 1, 1),
(71, 17, 32, 1, 0),
(71, 18, 6, 3, 1),
(71, 19, 47, 1, 1),
(71, 20, 65, 1, 1),
(71, 21, 92, 2, 0),
(71, 22, 37, 2, 0),
(71, 23, 35, 2, 1),
(71, 24, 48, 1, 1),
(71, 25, 83, 2, 1),
(71, 26, 38, 2, 0),
(71, 27, 84, 2, 0),
(71, 28, 5, 3, 1),
(71, 29, 39, 1, 1),
(71, 30, 2, 1, 1),
(71, 31, 95, 2, 1),
(71, 32, 13, 1, 0),
(71, 34, 59, 3, 1),
(71, 35, 32, 1, 1),
(71, 36, 22, 3, 1),
(71, 37, 58, 2, 1),
(71, 38, 26, 2, 1),
(71, 40, 60, 1, 1),
(71, 41, 61, 1, 1),
(71, 42, 26, 2, 1),
(71, 43, 86, 3, 1),
(71, 44, 72, 2, 0),
(71, 45, 6, 2, 1),
(71, 46, 42, 2, 1),
(71, 47, 17, 1, 0),
(71, 48, 45, 1, 1),
(71, 49, 28, 2, 0),
(71, 50, 18, 2, 1),
(71, 51, 83, 2, 1),
(71, 52, 72, 1, 1),
(71, 53, 100, 2, 1),
(71, 54, 53, 1, 0),
(71, 56, 74, 2, 1),
(71, 57, 32, 2, 1),
(71, 58, 19, 3, 1),
(71, 59, 1, 1, 1),
(71, 60, 23, 1, 0),
(71, 61, 72, 3, 1),
(71, 62, 21, 1, 1),
(71, 63, 94, 2, 1),
(71, 64, 66, 2, 0),
(71, 65, 2, 2, 1),
(71, 66, 26, 1, 1),
(71, 68, 43, 2, 1),
(71, 70, 12, 1, 1),
(71, 71, 18, 3, 1),
(71, 72, 67, 2, 0),
(71, 74, 27, 3, 1),
(71, 75, 80, 2, 1),
(72, 2, 19, 2, 1),
(72, 3, 63, 1, 1),
(72, 5, 43, 3, 0),
(72, 6, 82, 3, 0),
(72, 7, 81, 3, 1),
(72, 9, 86, 3, 0),
(72, 10, 69, 1, 1),
(72, 11, 50, 1, 1),
(72, 12, 38, 2, 1),
(72, 13, 62, 3, 1),
(72, 14, 18, 3, 0),
(72, 15, 90, 1, 1),
(72, 16, 59, 1, 0),
(72, 17, 60, 3, 1),
(72, 18, 50, 3, 1),
(72, 19, 30, 1, 0),
(72, 20, 22, 1, 1),
(72, 22, 7, 3, 0),
(72, 24, 42, 1, 1),
(72, 25, 79, 1, 1),
(72, 26, 31, 1, 1),
(72, 27, 55, 3, 1),
(72, 29, 74, 2, 1),
(72, 30, 100, 1, 1),
(72, 31, 34, 2, 1),
(72, 32, 29, 2, 1),
(72, 33, 3, 1, 1),
(72, 34, 39, 2, 0),
(72, 35, 85, 3, 0),
(72, 37, 13, 3, 1),
(72, 38, 53, 1, 0),
(72, 39, 28, 2, 1),
(72, 40, 65, 3, 1),
(72, 43, 2, 2, 1),
(72, 44, 70, 2, 1),
(72, 45, 99, 2, 1),
(72, 46, 10, 1, 1),
(72, 47, 74, 3, 1),
(72, 48, 56, 2, 0),
(72, 49, 33, 2, 1),
(72, 50, 35, 2, 1),
(72, 51, 86, 3, 1),
(72, 52, 59, 1, 1),
(72, 54, 67, 3, 1),
(72, 56, 43, 1, 1),
(72, 58, 75, 2, 1),
(72, 59, 17, 1, 0),
(72, 61, 6, 2, 1),
(72, 62, 64, 2, 0),
(72, 63, 63, 2, 0),
(72, 64, 85, 1, 1),
(72, 65, 90, 2, 1),
(72, 66, 41, 1, 1),
(72, 67, 14, 1, 0),
(72, 69, 81, 3, 1),
(72, 70, 70, 3, 1),
(72, 71, 5, 2, 1),
(72, 72, 36, 3, 1),
(72, 75, 99, 2, 1),
(72, 76, 61, 2, 1),
(72, 77, 46, 1, 1),
(72, 78, 66, 1, 1),
(72, 80, 92, 2, 0),
(72, 82, 63, 2, 1),
(72, 86, 75, 2, 1),
(72, 87, 68, 1, 1),
(72, 88, 50, 3, 1),
(72, 89, 80, 2, 1),
(72, 90, 75, 2, 1),
(72, 92, 38, 2, 0),
(72, 93, 100, 1, 1),
(72, 94, 81, 2, 1),
(72, 97, 82, 2, 1),
(72, 98, 57, 2, 1),
(72, 100, 40, 3, 1),
(72, 101, 65, 3, 1),
(72, 102, 73, 1, 1),
(72, 103, 74, 2, 1),
(72, 104, 70, 2, 0),
(72, 105, 5, 1, 1),
(72, 107, 93, 3, 1),
(72, 109, 84, 1, 1),
(72, 111, 33, 1, 1),
(72, 112, 68, 3, 1),
(72, 113, 70, 2, 1),
(72, 115, 82, 2, 1),
(72, 117, 70, 2, 1),
(72, 118, 25, 2, 1),
(72, 119, 5, 3, 1),
(72, 120, 43, 1, 1),
(72, 122, 7, 3, 1),
(72, 123, 28, 2, 1),
(72, 124, 12, 2, 1),
(72, 125, 42, 1, 1),
(73, 1, 44, 1, 0),
(73, 3, 54, 3, 1),
(73, 5, 11, 1, 1),
(73, 6, 70, 1, 1),
(73, 8, 88, 1, 0),
(73, 11, 62, 2, 0),
(73, 12, 56, 2, 1),
(73, 13, 76, 2, 1),
(73, 15, 68, 1, 1),
(73, 16, 4, 1, 1),
(73, 17, 46, 2, 1),
(73, 18, 54, 1, 1),
(73, 19, 73, 2, 1),
(73, 21, 85, 1, 1),
(73, 22, 70, 1, 1),
(73, 23, 24, 2, 0),
(73, 24, 9, 2, 0),
(73, 25, 93, 1, 1),
(73, 27, 21, 3, 0),
(73, 29, 79, 3, 1),
(73, 30, 62, 1, 0),
(73, 31, 85, 3, 1),
(73, 32, 6, 3, 1),
(73, 35, 92, 1, 1),
(73, 36, 1, 3, 0),
(73, 37, 7, 3, 1),
(73, 38, 55, 1, 0),
(73, 39, 38, 1, 1),
(73, 40, 1, 3, 1),
(73, 41, 18, 1, 1),
(73, 42, 38, 3, 1),
(73, 43, 75, 2, 1),
(73, 44, 2, 3, 0),
(73, 45, 94, 3, 1),
(73, 48, 2, 3, 1),
(73, 50, 10, 2, 1),
(73, 51, 25, 1, 1),
(73, 52, 99, 2, 1),
(73, 53, 9, 2, 0),
(73, 54, 86, 3, 1),
(73, 55, 73, 3, 0),
(73, 56, 43, 1, 0),
(73, 57, 50, 1, 1),
(73, 58, 13, 2, 1),
(73, 59, 6, 2, 1),
(73, 60, 49, 3, 0),
(73, 61, 72, 1, 0),
(73, 62, 90, 2, 1),
(73, 64, 13, 1, 1),
(73, 65, 22, 1, 1),
(73, 67, 85, 1, 1),
(73, 68, 29, 1, 1),
(73, 70, 76, 2, 1),
(73, 71, 60, 3, 1),
(73, 72, 53, 3, 0),
(73, 73, 80, 3, 1),
(73, 74, 71, 1, 0),
(73, 75, 39, 3, 1),
(73, 76, 71, 2, 1),
(73, 77, 77, 1, 1),
(73, 78, 81, 1, 1),
(73, 79, 3, 2, 0),
(73, 80, 80, 2, 1),
(73, 81, 21, 2, 1),
(73, 82, 16, 3, 1),
(73, 84, 80, 3, 0),
(73, 86, 62, 2, 1),
(73, 87, 97, 1, 1),
(73, 89, 79, 3, 1),
(73, 90, 3, 3, 1),
(73, 91, 17, 2, 1),
(73, 92, 96, 2, 1),
(73, 94, 85, 1, 1),
(73, 95, 95, 3, 1),
(73, 96, 16, 2, 1),
(73, 97, 38, 2, 1),
(73, 98, 43, 3, 1),
(73, 99, 45, 1, 1),
(74, 2, 69, 2, 1),
(74, 4, 61, 1, 1),
(74, 5, 55, 1, 1),
(74, 6, 45, 1, 1),
(74, 7, 34, 1, 1),
(74, 8, 58, 1, 0),
(74, 11, 23, 1, 1),
(74, 12, 42, 1, 1),
(74, 13, 28, 1, 0),
(74, 14, 32, 2, 1),
(74, 17, 19, 1, 1),
(74, 18, 70, 2, 1),
(74, 19, 60, 2, 1),
(74, 20, 33, 3, 0),
(74, 21, 25, 1, 0),
(74, 22, 35, 3, 1),
(74, 23, 32, 2, 1),
(74, 24, 46, 1, 1),
(74, 25, 11, 2, 1),
(74, 26, 81, 1, 0),
(74, 27, 21, 2, 1),
(74, 28, 38, 3, 1),
(74, 29, 10, 3, 1),
(74, 30, 44, 3, 1),
(74, 31, 17, 3, 1),
(74, 32, 77, 2, 1),
(74, 33, 45, 3, 1),
(74, 34, 36, 2, 1),
(74, 37, 23, 2, 1),
(74, 38, 59, 3, 0),
(74, 40, 57, 1, 1),
(74, 41, 74, 1, 0),
(74, 42, 75, 1, 0),
(74, 43, 37, 2, 1),
(74, 44, 68, 1, 1),
(74, 46, 96, 1, 1),
(74, 47, 62, 1, 1),
(74, 48, 29, 3, 1),
(74, 50, 23, 2, 1),
(74, 51, 89, 1, 1),
(74, 52, 14, 2, 1),
(74, 53, 43, 1, 1),
(74, 54, 65, 3, 0),
(74, 55, 91, 1, 1),
(74, 58, 30, 2, 1),
(74, 59, 93, 1, 1),
(74, 60, 55, 3, 0),
(74, 61, 29, 3, 1),
(74, 62, 15, 3, 1),
(74, 63, 52, 2, 1),
(74, 64, 19, 1, 1),
(74, 65, 2, 3, 1),
(74, 66, 47, 1, 1),
(74, 67, 99, 1, 1),
(74, 68, 21, 3, 0),
(74, 70, 95, 1, 1),
(74, 71, 65, 1, 1),
(74, 72, 99, 3, 1),
(74, 73, 28, 2, 1),
(74, 75, 34, 3, 1),
(74, 77, 2, 1, 1),
(74, 79, 32, 2, 1),
(74, 80, 59, 3, 0),
(74, 81, 73, 3, 0),
(74, 84, 86, 3, 1),
(74, 86, 55, 3, 1),
(74, 87, 96, 1, 1),
(74, 88, 84, 2, 1),
(74, 89, 80, 1, 1),
(74, 90, 17, 3, 1),
(74, 91, 9, 2, 1),
(74, 93, 24, 3, 1),
(74, 94, 73, 3, 1),
(74, 95, 53, 2, 1),
(74, 96, 85, 2, 0),
(74, 97, 58, 3, 1),
(74, 99, 19, 3, 1),
(75, 1, 80, 1, 1),
(75, 2, 52, 2, 1),
(75, 3, 56, 2, 1),
(75, 4, 57, 2, 1),
(75, 5, 20, 3, 0),
(75, 6, 65, 2, 0),
(75, 7, 70, 1, 1),
(75, 9, 29, 1, 1),
(75, 10, 82, 3, 0),
(75, 11, 28, 1, 1),
(75, 12, 35, 3, 1),
(75, 13, 92, 1, 1),
(75, 14, 59, 3, 1),
(75, 16, 32, 3, 1),
(75, 17, 72, 3, 1),
(75, 19, 13, 1, 1),
(75, 20, 45, 3, 1),
(75, 21, 33, 3, 1),
(75, 22, 100, 3, 0),
(75, 23, 42, 1, 0),
(75, 24, 12, 3, 1),
(75, 26, 65, 2, 1),
(75, 27, 24, 2, 1),
(75, 29, 49, 3, 1),
(75, 30, 51, 2, 1),
(75, 33, 29, 1, 1),
(75, 34, 13, 3, 1),
(75, 35, 74, 1, 0),
(75, 37, 92, 2, 0),
(75, 38, 90, 2, 1),
(75, 39, 73, 3, 1),
(75, 40, 82, 2, 1),
(75, 42, 78, 3, 1),
(75, 47, 92, 1, 0),
(75, 48, 33, 2, 1),
(75, 51, 79, 2, 1),
(75, 58, 22, 3, 1),
(75, 59, 28, 2, 0),
(75, 60, 54, 3, 1),
(75, 61, 99, 3, 1),
(75, 63, 68, 2, 0),
(75, 64, 66, 2, 1),
(75, 66, 25, 3, 1),
(75, 67, 47, 2, 1),
(75, 69, 8, 2, 1),
(75, 70, 81, 2, 1),
(75, 71, 6, 3, 1),
(75, 72, 81, 3, 1),
(75, 73, 48, 2, 1),
(75, 74, 3, 1, 1),
(75, 75, 44, 2, 1),
(75, 77, 56, 1, 1),
(75, 79, 61, 3, 1),
(75, 80, 60, 2, 1),
(75, 81, 38, 1, 1),
(75, 82, 67, 1, 1),
(75, 84, 6, 2, 1),
(75, 85, 65, 3, 1),
(75, 86, 94, 2, 1),
(75, 87, 85, 1, 0),
(75, 88, 60, 3, 1),
(75, 89, 51, 1, 1),
(75, 90, 42, 1, 1),
(75, 91, 61, 3, 0),
(75, 93, 11, 2, 1),
(75, 95, 56, 2, 0),
(75, 97, 76, 2, 1),
(75, 99, 99, 3, 0),
(75, 100, 50, 2, 0),
(75, 101, 78, 1, 1),
(75, 104, 51, 1, 1),
(75, 106, 24, 1, 0),
(75, 109, 34, 1, 1),
(75, 110, 54, 1, 1),
(75, 111, 39, 3, 1),
(75, 113, 19, 3, 1),
(75, 115, 61, 2, 1),
(75, 116, 66, 1, 1),
(75, 117, 62, 3, 1),
(75, 118, 46, 1, 1),
(75, 119, 80, 1, 1),
(75, 120, 55, 2, 1),
(75, 121, 53, 3, 1),
(75, 122, 21, 3, 1),
(75, 123, 29, 3, 0),
(76, 2, 35, 2, 1),
(76, 3, 36, 1, 1),
(76, 4, 80, 2, 1),
(76, 5, 88, 2, 1),
(76, 6, 88, 3, 1),
(76, 7, 22, 1, 1),
(76, 8, 90, 3, 1),
(76, 9, 46, 3, 0),
(76, 10, 22, 1, 0),
(76, 11, 69, 2, 1),
(76, 12, 91, 3, 0),
(76, 13, 100, 3, 1),
(76, 15, 97, 2, 1),
(76, 16, 2, 1, 1),
(76, 17, 7, 1, 1),
(76, 18, 51, 2, 0),
(76, 19, 88, 2, 1),
(76, 20, 74, 1, 1),
(76, 21, 85, 3, 1),
(76, 22, 91, 3, 1),
(76, 23, 100, 3, 1),
(76, 24, 17, 2, 0),
(76, 25, 18, 1, 1),
(76, 26, 80, 1, 1),
(76, 27, 75, 3, 0),
(76, 30, 8, 1, 1),
(76, 31, 55, 1, 1),
(76, 32, 8, 1, 1),
(76, 33, 31, 1, 1),
(76, 34, 41, 1, 1),
(76, 35, 6, 2, 1),
(76, 36, 52, 2, 1),
(76, 37, 10, 3, 1),
(76, 38, 36, 1, 1),
(76, 39, 36, 3, 1),
(76, 40, 67, 3, 1),
(76, 41, 19, 2, 1),
(76, 42, 60, 3, 1),
(76, 43, 21, 3, 1),
(76, 44, 5, 1, 1),
(76, 45, 32, 3, 1),
(76, 46, 90, 2, 0),
(76, 47, 13, 3, 1),
(76, 48, 53, 2, 1),
(76, 49, 80, 3, 1),
(76, 50, 57, 1, 1),
(76, 52, 57, 1, 1),
(76, 53, 20, 3, 1),
(76, 55, 67, 3, 1),
(76, 57, 60, 1, 1),
(76, 58, 95, 2, 1),
(76, 59, 56, 1, 1),
(76, 61, 99, 1, 1),
(76, 62, 17, 2, 1),
(76, 63, 17, 2, 1),
(76, 64, 71, 1, 1),
(76, 65, 23, 3, 1),
(76, 66, 92, 2, 1),
(76, 67, 91, 2, 0),
(76, 68, 88, 3, 1),
(76, 69, 62, 1, 1),
(76, 70, 99, 2, 0),
(76, 72, 4, 3, 1),
(76, 73, 88, 2, 1),
(76, 74, 91, 2, 1),
(76, 75, 100, 3, 1),
(76, 76, 74, 2, 1),
(76, 77, 88, 2, 1),
(76, 79, 22, 3, 1),
(76, 80, 79, 3, 1),
(76, 82, 36, 1, 1),
(76, 83, 35, 1, 1),
(76, 84, 67, 3, 1),
(76, 85, 1, 1, 0),
(76, 86, 99, 3, 1),
(76, 87, 22, 3, 1),
(76, 89, 88, 2, 1),
(76, 90, 27, 3, 0),
(76, 91, 24, 1, 1),
(76, 94, 4, 3, 1),
(76, 95, 4, 3, 0),
(76, 96, 7, 3, 1),
(76, 97, 51, 3, 1),
(76, 98, 99, 2, 0),
(76, 99, 98, 2, 1),
(76, 100, 3, 2, 1),
(77, 2, 50, 2, 0),
(77, 3, 67, 2, 0),
(77, 5, 36, 2, 1),
(77, 6, 30, 2, 1),
(77, 7, 93, 2, 1),
(77, 8, 8, 3, 1),
(77, 9, 72, 2, 1),
(77, 11, 12, 2, 0),
(77, 12, 54, 2, 1),
(77, 13, 93, 2, 1),
(77, 14, 79, 3, 1),
(77, 15, 88, 2, 1),
(77, 16, 53, 1, 1),
(77, 18, 27, 3, 1),
(77, 19, 62, 1, 1),
(77, 20, 84, 2, 1),
(77, 21, 70, 2, 1),
(77, 23, 24, 1, 1),
(77, 24, 92, 2, 1),
(77, 25, 41, 3, 1),
(77, 27, 52, 3, 1),
(77, 28, 98, 2, 1),
(77, 30, 29, 2, 1),
(77, 32, 22, 1, 1),
(77, 33, 47, 1, 1),
(77, 34, 60, 2, 0),
(77, 35, 34, 1, 1),
(77, 36, 64, 3, 1),
(77, 37, 39, 2, 0),
(77, 38, 15, 1, 1),
(77, 40, 45, 2, 1),
(77, 41, 32, 2, 1),
(77, 42, 58, 3, 0),
(77, 43, 22, 2, 0),
(77, 44, 85, 3, 1),
(77, 45, 25, 1, 1),
(77, 46, 4, 1, 1),
(77, 48, 98, 3, 1),
(77, 49, 9, 2, 1),
(77, 51, 38, 2, 0),
(77, 52, 73, 1, 1),
(77, 53, 66, 1, 0),
(77, 59, 21, 1, 1),
(77, 60, 6, 2, 0),
(77, 62, 45, 3, 1),
(77, 63, 7, 2, 0),
(77, 64, 84, 1, 0),
(77, 65, 90, 3, 1),
(77, 67, 35, 2, 0),
(77, 69, 35, 1, 1),
(77, 70, 11, 2, 1),
(77, 71, 80, 1, 0),
(77, 72, 92, 1, 1),
(77, 73, 18, 2, 1),
(77, 74, 17, 3, 0),
(77, 75, 57, 2, 1),
(77, 76, 20, 1, 0),
(77, 77, 51, 1, 1),
(77, 78, 1, 3, 1),
(77, 79, 52, 1, 1),
(77, 80, 2, 2, 1),
(77, 81, 17, 3, 0),
(77, 82, 55, 2, 0),
(77, 83, 37, 1, 1),
(77, 84, 7, 1, 1),
(77, 85, 68, 3, 1),
(77, 86, 44, 3, 1),
(77, 87, 49, 2, 1),
(77, 88, 98, 3, 1),
(77, 89, 27, 3, 1),
(77, 93, 68, 1, 1),
(77, 94, 54, 1, 1),
(77, 95, 84, 3, 1),
(77, 96, 65, 2, 0),
(77, 97, 5, 2, 0),
(77, 98, 57, 2, 1),
(77, 100, 46, 3, 1),
(77, 102, 71, 1, 1),
(77, 103, 28, 1, 1),
(77, 105, 97, 1, 1),
(77, 106, 27, 2, 1),
(77, 108, 65, 1, 0),
(77, 110, 73, 2, 1),
(77, 112, 92, 2, 1),
(77, 113, 83, 2, 1),
(77, 114, 71, 2, 1),
(77, 115, 87, 1, 1),
(77, 117, 51, 2, 1),
(77, 119, 42, 2, 1),
(77, 120, 16, 1, 1),
(77, 121, 37, 2, 1),
(77, 122, 84, 3, 1),
(77, 123, 97, 1, 1),
(77, 124, 81, 1, 1),
(78, 2, 69, 1, 1),
(78, 3, 87, 2, 1),
(78, 4, 32, 2, 1),
(78, 7, 68, 2, 1),
(78, 8, 70, 3, 1),
(78, 9, 15, 3, 1),
(78, 10, 43, 2, 1),
(78, 11, 51, 3, 1),
(78, 12, 25, 3, 1),
(78, 13, 56, 1, 1),
(78, 14, 51, 2, 1),
(78, 15, 64, 3, 0),
(78, 16, 72, 3, 0),
(78, 17, 35, 3, 1),
(78, 19, 23, 2, 1),
(78, 20, 56, 3, 1),
(78, 21, 76, 2, 1),
(78, 22, 2, 3, 0),
(78, 23, 73, 2, 1),
(78, 24, 90, 2, 1),
(78, 25, 57, 3, 0),
(78, 26, 93, 1, 1),
(78, 27, 64, 2, 1),
(78, 28, 10, 1, 1),
(78, 29, 62, 1, 1),
(78, 30, 98, 2, 1),
(78, 32, 17, 1, 1),
(78, 33, 8, 1, 1),
(78, 34, 30, 1, 1),
(78, 35, 48, 3, 1),
(78, 36, 28, 1, 1),
(78, 37, 5, 3, 1),
(78, 38, 35, 3, 1),
(78, 39, 37, 1, 1),
(78, 40, 54, 1, 1),
(78, 43, 77, 2, 0),
(78, 45, 63, 3, 1),
(78, 46, 11, 1, 1),
(78, 47, 49, 2, 1),
(78, 48, 69, 1, 1),
(78, 49, 62, 3, 0),
(78, 50, 81, 2, 1),
(78, 52, 73, 1, 0),
(78, 53, 33, 2, 1),
(78, 55, 50, 3, 1),
(78, 56, 17, 2, 1),
(78, 57, 53, 1, 1),
(78, 58, 55, 3, 1),
(78, 60, 46, 3, 0),
(78, 61, 85, 2, 1),
(78, 63, 99, 2, 1),
(78, 65, 89, 1, 0),
(78, 66, 79, 2, 1),
(78, 67, 30, 3, 1),
(78, 69, 45, 3, 1),
(78, 70, 66, 3, 1),
(78, 71, 44, 3, 1),
(78, 72, 73, 1, 1),
(78, 73, 48, 3, 1),
(78, 74, 89, 3, 1),
(78, 75, 81, 1, 1),
(78, 76, 42, 2, 1),
(78, 77, 1, 2, 1),
(78, 78, 41, 1, 1),
(78, 79, 3, 1, 1),
(78, 80, 25, 3, 1),
(78, 82, 96, 2, 1),
(78, 83, 78, 1, 1),
(78, 84, 58, 3, 1),
(78, 85, 65, 3, 1),
(78, 87, 40, 2, 0),
(78, 88, 98, 3, 0),
(78, 89, 86, 3, 1),
(78, 90, 45, 2, 1),
(78, 94, 90, 3, 1),
(78, 95, 94, 3, 1),
(78, 96, 60, 1, 1),
(78, 97, 41, 2, 1),
(78, 99, 67, 3, 1),
(78, 102, 67, 2, 1),
(78, 103, 69, 2, 1),
(78, 104, 12, 2, 1),
(78, 105, 47, 3, 1),
(78, 106, 73, 1, 0),
(78, 107, 45, 1, 1),
(78, 108, 17, 3, 0),
(78, 109, 64, 2, 1),
(78, 110, 93, 2, 1),
(78, 111, 87, 3, 0),
(78, 112, 6, 2, 1),
(78, 113, 98, 3, 1),
(78, 115, 52, 1, 1),
(78, 116, 59, 3, 1),
(78, 117, 98, 1, 1),
(78, 121, 52, 1, 1),
(78, 122, 15, 1, 1),
(78, 123, 83, 1, 1),
(78, 125, 48, 2, 1),
(79, 1, 59, 2, 1),
(79, 7, 21, 3, 1),
(79, 8, 30, 3, 0),
(79, 9, 96, 3, 1),
(79, 10, 1, 1, 1),
(79, 11, 13, 3, 1),
(79, 12, 39, 1, 1),
(79, 13, 39, 2, 1),
(79, 16, 8, 1, 1),
(79, 19, 97, 2, 1),
(79, 20, 82, 2, 1),
(79, 21, 48, 2, 1),
(79, 23, 11, 2, 1),
(79, 24, 71, 1, 1),
(79, 25, 87, 3, 1),
(79, 29, 43, 1, 1),
(79, 30, 82, 3, 1),
(79, 31, 37, 2, 1),
(79, 32, 86, 2, 1),
(79, 33, 65, 2, 1),
(79, 35, 69, 1, 1),
(79, 36, 62, 1, 0),
(79, 37, 91, 2, 0),
(79, 38, 43, 1, 1),
(79, 39, 5, 3, 1),
(79, 40, 21, 3, 1),
(79, 41, 23, 2, 0),
(79, 43, 25, 3, 1),
(79, 47, 55, 3, 0),
(79, 48, 58, 2, 1),
(79, 49, 100, 3, 1),
(79, 50, 72, 2, 0),
(79, 51, 94, 3, 1),
(79, 54, 97, 3, 1),
(79, 55, 66, 1, 1),
(79, 56, 15, 2, 1),
(79, 59, 24, 2, 1),
(79, 60, 7, 2, 1),
(79, 61, 55, 1, 1),
(79, 63, 31, 1, 0),
(79, 64, 81, 2, 0),
(79, 65, 19, 1, 1),
(79, 66, 26, 2, 1),
(79, 67, 65, 2, 1),
(79, 68, 2, 3, 0),
(79, 69, 99, 2, 1),
(79, 70, 39, 1, 1),
(79, 71, 27, 3, 1),
(79, 72, 31, 3, 1),
(79, 73, 37, 3, 0),
(79, 74, 27, 3, 1),
(79, 75, 13, 3, 1),
(79, 76, 11, 3, 1),
(79, 77, 77, 2, 1),
(79, 79, 62, 3, 1),
(79, 80, 92, 3, 1),
(79, 81, 37, 3, 1),
(79, 82, 67, 1, 1),
(79, 83, 78, 2, 1),
(79, 84, 86, 3, 1),
(79, 85, 75, 1, 1),
(79, 86, 46, 2, 1),
(79, 89, 66, 2, 1),
(79, 90, 39, 3, 1),
(79, 91, 26, 1, 1),
(79, 92, 18, 2, 0),
(79, 93, 2, 2, 1),
(79, 94, 75, 3, 1),
(79, 96, 83, 3, 0),
(79, 97, 84, 2, 1),
(79, 98, 75, 3, 1),
(79, 99, 5, 2, 1),
(79, 100, 13, 1, 0),
(79, 101, 98, 1, 1),
(79, 102, 61, 3, 1),
(79, 103, 28, 2, 1),
(79, 104, 99, 1, 0),
(79, 105, 65, 3, 0),
(79, 107, 8, 2, 1),
(79, 108, 72, 2, 1),
(79, 109, 88, 1, 1),
(79, 110, 97, 2, 1),
(79, 111, 12, 3, 1),
(79, 112, 32, 1, 1),
(79, 113, 88, 1, 0),
(79, 114, 23, 2, 1),
(79, 116, 74, 2, 1),
(79, 117, 50, 1, 1),
(79, 118, 12, 2, 1),
(79, 121, 55, 1, 1),
(79, 123, 95, 2, 1),
(80, 2, 60, 2, 1),
(80, 3, 3, 1, 1),
(80, 4, 98, 2, 1),
(80, 6, 68, 2, 0),
(80, 7, 89, 3, 1),
(80, 8, 20, 2, 1),
(80, 9, 91, 1, 1),
(80, 10, 55, 3, 1),
(80, 11, 4, 1, 1),
(80, 12, 40, 3, 0),
(80, 13, 44, 2, 1),
(80, 15, 95, 2, 1),
(80, 16, 37, 1, 1),
(80, 17, 20, 1, 1),
(80, 19, 15, 3, 0),
(80, 20, 72, 2, 1),
(80, 21, 81, 1, 1),
(80, 22, 81, 2, 1),
(80, 23, 2, 2, 1),
(80, 24, 14, 1, 0),
(80, 25, 24, 3, 1),
(80, 26, 40, 2, 1),
(80, 27, 50, 1, 1),
(80, 28, 61, 1, 1),
(80, 30, 21, 3, 1),
(80, 31, 91, 2, 1),
(80, 32, 35, 2, 1),
(80, 33, 1, 3, 1),
(80, 35, 4, 1, 1),
(80, 36, 11, 3, 1),
(80, 37, 7, 2, 1),
(80, 38, 100, 3, 1),
(80, 39, 46, 2, 1),
(80, 40, 51, 3, 1),
(80, 42, 12, 1, 1),
(80, 43, 82, 2, 1),
(80, 45, 28, 2, 1),
(80, 46, 73, 3, 1),
(80, 47, 65, 2, 1),
(80, 48, 65, 3, 1),
(80, 49, 59, 1, 1),
(80, 50, 18, 3, 1),
(80, 51, 14, 3, 1),
(80, 52, 8, 1, 1),
(80, 53, 4, 2, 1),
(80, 54, 49, 1, 1),
(80, 55, 45, 2, 1),
(80, 57, 84, 1, 0),
(80, 59, 20, 3, 1),
(80, 60, 44, 1, 1),
(80, 63, 47, 1, 1),
(80, 64, 21, 1, 1),
(80, 65, 88, 3, 1),
(80, 66, 89, 3, 1),
(80, 67, 48, 2, 1),
(80, 68, 61, 2, 1),
(80, 69, 83, 2, 1),
(80, 70, 20, 2, 0),
(80, 71, 38, 3, 1),
(80, 72, 3, 1, 1),
(80, 73, 59, 3, 1),
(80, 74, 69, 1, 1),
(80, 75, 39, 2, 1),
(80, 76, 30, 1, 1),
(80, 77, 35, 1, 1),
(80, 78, 23, 3, 1),
(80, 79, 1, 1, 1),
(80, 80, 13, 2, 1),
(80, 81, 37, 1, 1),
(80, 82, 3, 3, 1),
(80, 83, 40, 3, 1),
(80, 85, 86, 1, 1),
(80, 86, 18, 2, 1),
(80, 87, 4, 1, 1),
(80, 89, 65, 1, 1),
(80, 90, 11, 2, 1),
(80, 91, 67, 3, 1),
(80, 92, 50, 3, 1),
(80, 93, 78, 3, 0),
(80, 94, 70, 2, 1),
(80, 96, 52, 3, 0),
(80, 97, 63, 3, 1),
(80, 98, 44, 2, 1),
(80, 99, 58, 1, 0),
(81, 2, 39, 1, 1),
(81, 4, 91, 3, 0),
(81, 5, 17, 3, 1),
(81, 7, 75, 1, 1),
(81, 8, 10, 1, 1),
(81, 9, 35, 3, 1),
(81, 10, 67, 2, 1),
(81, 11, 92, 2, 1),
(81, 12, 28, 3, 1),
(81, 13, 63, 3, 1),
(81, 14, 92, 1, 1),
(81, 15, 90, 2, 1),
(81, 16, 91, 3, 1),
(81, 17, 12, 3, 0),
(81, 18, 15, 2, 0),
(81, 19, 88, 3, 0),
(81, 20, 19, 2, 1),
(81, 21, 64, 1, 1),
(81, 22, 10, 3, 1),
(81, 23, 8, 3, 1),
(81, 24, 18, 2, 0),
(81, 25, 5, 3, 1),
(81, 26, 50, 2, 1),
(81, 27, 100, 1, 1),
(81, 28, 8, 1, 1),
(81, 29, 1, 1, 1),
(81, 30, 85, 2, 1),
(81, 31, 15, 1, 1),
(81, 32, 13, 3, 0),
(81, 33, 82, 1, 0),
(81, 34, 86, 2, 1),
(81, 36, 28, 1, 1),
(81, 38, 20, 2, 0),
(81, 40, 30, 2, 1),
(81, 42, 61, 3, 1),
(81, 43, 21, 2, 0),
(81, 44, 13, 2, 0),
(81, 45, 44, 3, 1),
(81, 46, 75, 2, 1),
(81, 47, 10, 2, 1),
(81, 48, 3, 3, 1),
(81, 50, 88, 2, 1),
(81, 51, 44, 1, 1),
(81, 53, 88, 3, 0),
(81, 54, 28, 1, 0),
(81, 55, 23, 3, 1),
(81, 57, 6, 2, 1),
(81, 59, 88, 1, 1),
(81, 60, 99, 1, 1),
(81, 61, 76, 1, 0),
(81, 62, 88, 1, 1),
(81, 63, 3, 1, 1),
(81, 65, 32, 3, 1),
(81, 67, 99, 1, 0),
(81, 68, 63, 1, 0),
(81, 69, 18, 3, 1),
(81, 70, 77, 1, 0),
(81, 71, 20, 2, 0),
(81, 72, 66, 1, 1),
(81, 73, 16, 3, 1),
(81, 74, 86, 3, 1),
(81, 75, 62, 1, 1),
(81, 76, 66, 1, 1),
(81, 79, 19, 2, 1),
(81, 80, 71, 1, 0),
(81, 81, 73, 1, 1),
(81, 82, 5, 1, 1),
(81, 83, 1, 2, 1),
(81, 85, 65, 1, 1),
(81, 86, 89, 1, 0),
(81, 87, 78, 3, 1),
(81, 88, 21, 1, 1),
(81, 89, 4, 3, 1),
(81, 90, 22, 2, 1),
(81, 91, 38, 1, 0),
(81, 92, 2, 2, 1),
(81, 94, 41, 3, 1),
(81, 95, 65, 3, 0),
(81, 97, 3, 3, 1),
(81, 98, 44, 1, 1),
(81, 99, 14, 1, 1),
(81, 100, 91, 3, 0),
(82, 1, 55, 2, 1),
(82, 2, 33, 2, 1),
(82, 3, 22, 1, 1),
(82, 4, 77, 1, 1),
(82, 5, 12, 2, 1),
(82, 7, 81, 2, 1),
(82, 8, 24, 2, 1),
(82, 9, 83, 3, 1),
(82, 10, 6, 3, 0),
(82, 11, 29, 3, 1),
(82, 12, 80, 1, 1),
(82, 13, 39, 1, 1),
(82, 14, 78, 2, 0),
(82, 16, 56, 2, 1),
(82, 19, 57, 2, 0),
(82, 20, 47, 2, 1),
(82, 21, 57, 2, 1),
(82, 22, 33, 3, 1),
(82, 25, 32, 2, 1),
(82, 28, 93, 2, 1),
(82, 29, 48, 2, 0),
(82, 30, 43, 1, 0),
(82, 31, 61, 2, 1),
(82, 32, 31, 2, 1),
(82, 34, 35, 1, 0),
(82, 39, 15, 2, 1),
(82, 40, 95, 3, 1),
(82, 41, 14, 2, 1),
(82, 42, 16, 1, 0),
(82, 43, 30, 1, 0),
(82, 44, 89, 3, 1),
(82, 45, 27, 1, 0),
(82, 46, 65, 2, 1),
(82, 47, 73, 1, 1),
(82, 48, 12, 1, 0),
(82, 49, 95, 2, 0),
(82, 50, 49, 1, 1),
(82, 51, 41, 3, 1),
(82, 52, 56, 2, 1),
(82, 53, 100, 2, 0),
(82, 55, 37, 3, 1),
(82, 56, 45, 1, 0),
(82, 58, 46, 3, 1),
(82, 59, 24, 1, 1),
(82, 60, 43, 2, 1),
(82, 61, 47, 1, 1),
(82, 62, 91, 2, 1),
(82, 63, 47, 1, 1),
(82, 64, 64, 2, 0),
(82, 65, 10, 3, 1),
(82, 66, 34, 3, 1),
(82, 67, 69, 2, 1),
(82, 68, 53, 3, 1),
(82, 69, 51, 2, 1),
(82, 71, 96, 1, 1),
(82, 72, 19, 3, 1),
(82, 73, 86, 1, 1),
(82, 74, 8, 2, 1),
(82, 76, 21, 2, 1),
(82, 77, 49, 3, 1),
(82, 79, 85, 3, 1),
(82, 80, 43, 1, 1),
(82, 81, 35, 3, 0),
(82, 82, 19, 1, 1),
(82, 83, 69, 2, 1),
(82, 84, 42, 2, 1),
(82, 85, 27, 3, 1),
(82, 86, 96, 3, 1),
(82, 88, 81, 3, 1),
(82, 89, 16, 2, 1),
(82, 90, 25, 1, 1),
(82, 92, 19, 2, 0),
(82, 93, 67, 1, 0),
(82, 94, 3, 1, 1),
(82, 95, 43, 1, 1),
(82, 96, 47, 2, 1),
(82, 98, 56, 2, 0),
(82, 99, 76, 1, 1),
(83, 2, 44, 3, 1),
(83, 3, 20, 3, 0),
(83, 4, 50, 2, 0),
(83, 5, 23, 3, 1),
(83, 7, 99, 3, 1),
(83, 8, 13, 2, 1),
(83, 10, 17, 3, 1),
(83, 11, 67, 3, 0),
(83, 13, 38, 1, 1),
(83, 14, 37, 1, 1),
(83, 18, 73, 3, 0),
(83, 20, 52, 1, 1),
(83, 21, 53, 3, 1),
(83, 22, 41, 2, 1),
(83, 24, 36, 2, 1),
(83, 25, 61, 2, 1),
(83, 27, 57, 2, 1),
(83, 28, 6, 1, 1),
(83, 33, 45, 3, 1),
(83, 34, 73, 2, 1),
(83, 35, 30, 1, 1),
(83, 36, 89, 2, 1),
(83, 39, 11, 3, 0),
(83, 41, 58, 2, 1),
(83, 43, 46, 2, 1),
(83, 44, 24, 3, 0),
(83, 45, 26, 3, 1),
(83, 46, 33, 2, 1),
(83, 48, 13, 2, 1),
(83, 50, 84, 2, 1),
(83, 51, 99, 2, 1),
(83, 52, 93, 2, 1),
(83, 53, 6, 1, 1),
(83, 54, 3, 3, 0),
(83, 58, 47, 3, 1),
(83, 59, 97, 2, 1),
(83, 60, 51, 3, 0),
(83, 62, 52, 3, 0),
(83, 66, 97, 2, 1),
(83, 67, 7, 1, 1),
(83, 68, 67, 1, 0),
(83, 70, 14, 1, 1),
(83, 71, 65, 3, 0),
(83, 72, 49, 2, 1),
(83, 73, 53, 1, 0),
(83, 74, 58, 2, 0),
(83, 76, 97, 3, 1),
(83, 78, 20, 3, 1),
(83, 79, 86, 3, 0),
(83, 80, 46, 1, 1),
(83, 81, 72, 2, 1),
(83, 82, 28, 1, 1),
(83, 83, 20, 1, 1),
(83, 85, 40, 2, 0),
(83, 86, 76, 2, 1),
(83, 87, 63, 1, 0),
(83, 88, 68, 2, 1),
(83, 89, 64, 1, 1),
(83, 90, 90, 2, 0),
(83, 91, 81, 1, 1),
(83, 92, 32, 2, 1),
(83, 95, 97, 3, 1),
(83, 96, 91, 2, 1),
(83, 97, 55, 3, 1),
(83, 98, 97, 1, 1),
(83, 99, 99, 3, 1),
(83, 100, 67, 2, 0),
(83, 101, 62, 2, 1),
(83, 107, 44, 2, 0),
(83, 108, 6, 2, 1),
(83, 109, 19, 1, 1),
(83, 111, 2, 1, 1),
(83, 113, 5, 3, 1),
(83, 114, 8, 3, 1),
(83, 115, 42, 3, 1),
(83, 116, 45, 3, 1),
(83, 117, 34, 3, 1),
(83, 118, 30, 3, 1),
(83, 121, 38, 1, 0),
(83, 123, 95, 1, 1),
(83, 124, 26, 1, 1),
(83, 125, 44, 3, 0),
(83, 126, 11, 2, 1),
(83, 127, 63, 3, 1),
(83, 129, 21, 3, 1),
(83, 130, 52, 2, 1),
(83, 131, 96, 2, 1),
(83, 132, 57, 2, 1),
(83, 133, 49, 3, 1),
(83, 134, 86, 2, 1),
(83, 135, 92, 3, 1),
(83, 137, 70, 1, 1),
(83, 141, 74, 1, 1),
(83, 143, 21, 1, 1),
(83, 144, 65, 3, 1),
(83, 145, 9, 2, 0),
(83, 146, 50, 1, 1),
(83, 147, 91, 2, 1),
(83, 150, 58, 3, 1),
(84, 1, 91, 2, 0),
(84, 2, 98, 2, 1),
(84, 3, 5, 2, 1),
(84, 4, 97, 1, 1),
(84, 5, 13, 3, 0),
(84, 6, 43, 1, 1),
(84, 7, 59, 2, 1),
(84, 8, 16, 1, 1),
(84, 9, 4, 1, 1),
(84, 10, 38, 3, 1),
(84, 11, 43, 3, 1),
(84, 12, 93, 3, 1),
(84, 13, 21, 3, 0),
(84, 14, 13, 1, 0),
(84, 15, 43, 2, 1),
(84, 16, 16, 1, 1),
(84, 17, 91, 3, 1),
(84, 18, 95, 2, 1),
(84, 19, 29, 2, 1),
(84, 20, 39, 2, 1),
(84, 21, 1, 1, 1),
(84, 22, 37, 1, 1),
(84, 23, 79, 2, 1),
(84, 24, 44, 2, 1),
(84, 25, 1, 2, 1),
(84, 26, 55, 1, 1),
(84, 27, 25, 1, 1),
(84, 28, 16, 3, 1),
(84, 29, 28, 2, 0),
(84, 30, 30, 3, 1),
(84, 31, 42, 1, 1),
(84, 32, 96, 2, 1),
(84, 33, 10, 1, 1),
(84, 34, 46, 2, 1),
(84, 35, 30, 2, 1),
(84, 36, 92, 3, 1),
(84, 37, 32, 2, 1),
(84, 38, 74, 1, 1),
(84, 39, 31, 2, 1),
(84, 40, 29, 1, 1),
(84, 41, 54, 1, 0),
(84, 42, 100, 2, 1),
(84, 43, 90, 1, 0),
(84, 44, 98, 2, 0),
(84, 45, 26, 1, 1),
(84, 46, 84, 3, 1),
(84, 47, 88, 1, 0),
(84, 48, 56, 1, 1),
(84, 49, 46, 2, 1),
(85, 3, 39, 1, 0),
(85, 7, 24, 1, 1),
(85, 8, 54, 2, 1),
(85, 9, 72, 3, 1),
(85, 10, 5, 1, 1),
(85, 12, 40, 3, 1),
(85, 13, 63, 2, 1),
(85, 15, 57, 1, 1),
(85, 16, 56, 1, 1),
(85, 17, 18, 3, 1),
(85, 18, 36, 2, 1),
(85, 19, 90, 1, 1),
(85, 20, 79, 3, 0),
(85, 21, 49, 1, 1),
(85, 22, 4, 1, 0),
(85, 24, 78, 2, 1),
(85, 26, 56, 1, 1),
(85, 27, 43, 1, 1),
(85, 30, 75, 1, 1),
(85, 31, 19, 1, 1),
(85, 32, 58, 2, 0),
(85, 33, 92, 3, 1),
(85, 34, 66, 1, 1),
(85, 35, 34, 1, 1),
(85, 36, 86, 1, 0),
(85, 37, 3, 3, 1),
(85, 38, 94, 1, 1),
(85, 39, 39, 3, 1),
(85, 40, 71, 3, 1),
(85, 41, 2, 2, 1),
(85, 42, 24, 2, 1),
(85, 43, 73, 2, 1),
(85, 44, 30, 1, 0),
(85, 46, 90, 2, 0),
(85, 49, 90, 2, 1),
(85, 50, 85, 1, 1),
(85, 51, 65, 1, 0),
(85, 52, 23, 2, 1),
(85, 53, 58, 2, 1),
(85, 54, 84, 2, 0),
(85, 55, 63, 2, 1),
(85, 57, 92, 2, 1),
(85, 58, 3, 1, 1),
(85, 61, 94, 3, 0),
(85, 62, 8, 3, 1),
(85, 63, 31, 2, 1),
(85, 64, 9, 2, 1),
(85, 65, 6, 3, 1),
(85, 66, 60, 3, 0),
(85, 67, 27, 2, 1),
(85, 69, 66, 1, 1),
(85, 70, 22, 3, 1),
(85, 71, 58, 1, 1),
(85, 72, 48, 3, 1),
(85, 74, 4, 2, 0),
(85, 75, 84, 3, 1),
(85, 76, 22, 1, 1),
(85, 79, 53, 3, 1),
(85, 80, 57, 1, 1),
(85, 81, 85, 1, 1),
(85, 82, 25, 2, 1),
(85, 83, 83, 3, 1),
(85, 84, 39, 1, 1),
(85, 85, 73, 1, 0),
(85, 87, 51, 2, 1),
(85, 90, 22, 1, 1),
(85, 91, 2, 3, 1),
(85, 92, 70, 3, 1),
(85, 93, 88, 1, 1),
(85, 94, 81, 1, 1),
(85, 95, 78, 2, 1),
(85, 96, 11, 2, 1),
(85, 98, 23, 2, 0),
(85, 99, 100, 1, 0),
(85, 100, 22, 3, 1),
(86, 3, 99, 3, 1),
(86, 4, 5, 3, 1),
(86, 6, 62, 3, 1),
(86, 8, 99, 1, 0),
(86, 9, 59, 1, 1),
(86, 12, 39, 1, 1),
(86, 16, 31, 3, 1),
(86, 17, 4, 3, 1),
(86, 19, 7, 1, 1),
(86, 20, 80, 1, 1),
(86, 22, 38, 2, 0),
(86, 26, 14, 3, 0),
(86, 28, 77, 3, 1),
(86, 29, 35, 2, 1),
(86, 33, 39, 3, 1),
(86, 34, 93, 2, 1),
(86, 35, 56, 2, 1),
(86, 36, 70, 3, 0),
(86, 39, 61, 2, 1),
(86, 40, 80, 1, 0),
(86, 42, 9, 1, 1),
(86, 45, 13, 2, 1),
(86, 46, 83, 2, 1),
(86, 49, 31, 3, 0),
(86, 50, 37, 2, 0),
(86, 52, 64, 2, 1),
(86, 53, 8, 3, 1),
(86, 54, 80, 2, 1),
(86, 57, 46, 2, 0),
(86, 58, 97, 3, 1),
(86, 66, 60, 3, 1),
(86, 67, 91, 1, 1),
(86, 68, 8, 3, 1),
(86, 70, 51, 2, 1),
(86, 71, 6, 2, 1),
(86, 72, 2, 1, 0),
(86, 76, 88, 1, 1),
(86, 78, 93, 2, 1),
(86, 79, 2, 1, 1),
(86, 81, 11, 3, 1),
(86, 82, 70, 3, 1),
(86, 83, 22, 2, 1),
(86, 84, 96, 1, 0),
(86, 85, 62, 1, 1),
(86, 86, 57, 2, 1),
(86, 87, 86, 1, 1),
(86, 92, 50, 1, 1),
(86, 93, 2, 1, 1),
(86, 95, 47, 1, 1),
(86, 97, 58, 1, 1),
(86, 99, 31, 1, 1),
(86, 103, 38, 1, 1),
(86, 107, 79, 2, 1),
(86, 108, 55, 2, 1),
(86, 112, 90, 1, 1),
(86, 114, 4, 1, 1),
(86, 115, 76, 1, 1),
(86, 116, 15, 3, 1),
(86, 117, 93, 2, 1),
(86, 118, 43, 1, 1),
(86, 119, 69, 2, 1),
(86, 121, 69, 2, 1),
(86, 123, 55, 2, 0),
(86, 124, 18, 1, 1),
(86, 126, 38, 1, 1),
(86, 127, 43, 2, 1),
(86, 128, 96, 3, 0),
(86, 129, 76, 1, 1),
(86, 130, 85, 1, 1),
(86, 131, 45, 3, 0),
(86, 134, 28, 3, 0),
(86, 135, 93, 1, 1),
(86, 136, 6, 3, 1),
(86, 138, 85, 1, 0),
(86, 141, 26, 3, 1),
(86, 144, 38, 2, 1),
(86, 145, 15, 2, 1),
(86, 147, 2, 1, 1),
(86, 148, 81, 2, 1),
(86, 149, 95, 1, 1),
(86, 150, 66, 2, 1),
(86, 151, 73, 3, 1),
(86, 154, 27, 1, 0),
(86, 155, 22, 2, 1),
(86, 156, 43, 3, 1),
(86, 159, 29, 2, 1),
(86, 160, 9, 1, 1),
(86, 161, 49, 1, 1),
(86, 162, 32, 1, 1),
(86, 164, 28, 1, 1),
(86, 165, 63, 3, 1),
(86, 166, 55, 3, 1),
(86, 167, 20, 3, 1),
(86, 168, 70, 3, 1),
(86, 169, 76, 3, 1),
(86, 171, 38, 1, 0),
(86, 172, 92, 2, 0),
(86, 173, 17, 2, 1),
(86, 174, 14, 1, 1),
(86, 175, 90, 1, 1),
(86, 176, 41, 1, 1),
(86, 179, 56, 2, 0),
(86, 180, 63, 2, 1),
(86, 181, 1, 2, 1),
(86, 182, 53, 2, 0),
(86, 184, 79, 1, 0),
(86, 187, 47, 1, 1),
(86, 188, 22, 2, 1),
(86, 189, 49, 3, 1),
(86, 192, 2, 2, 1),
(86, 193, 53, 2, 0),
(86, 194, 28, 3, 1),
(86, 195, 22, 1, 1),
(86, 196, 37, 3, 1),
(86, 197, 25, 3, 1),
(86, 200, 66, 2, 1),
(87, 3, 27, 1, 0),
(87, 4, 75, 1, 1),
(87, 5, 18, 1, 1),
(87, 7, 32, 3, 0),
(87, 8, 86, 1, 1),
(87, 9, 61, 3, 1),
(87, 10, 94, 2, 1),
(87, 11, 21, 2, 1),
(87, 12, 73, 1, 1),
(87, 13, 82, 2, 1),
(87, 16, 48, 3, 1),
(87, 22, 49, 3, 1),
(87, 23, 72, 2, 1),
(87, 25, 28, 2, 1),
(87, 26, 88, 3, 0),
(87, 27, 69, 1, 1),
(87, 28, 53, 1, 1),
(87, 29, 98, 2, 1),
(87, 30, 18, 1, 1),
(87, 31, 55, 1, 0),
(87, 32, 34, 2, 0),
(87, 33, 84, 1, 0),
(87, 34, 49, 1, 1),
(87, 35, 12, 1, 1),
(87, 36, 4, 3, 1),
(87, 37, 29, 2, 1),
(87, 39, 55, 1, 1),
(87, 40, 14, 1, 1),
(87, 41, 24, 1, 1),
(87, 43, 73, 3, 1),
(87, 45, 71, 2, 1),
(87, 46, 53, 1, 1),
(87, 48, 92, 3, 1),
(87, 49, 81, 1, 1),
(87, 50, 13, 2, 1),
(87, 52, 100, 2, 1),
(87, 53, 20, 1, 1),
(87, 54, 30, 1, 1),
(87, 55, 46, 2, 1),
(87, 56, 60, 3, 1),
(87, 62, 2, 3, 1),
(87, 63, 20, 3, 1),
(87, 64, 29, 2, 0),
(87, 66, 77, 3, 1),
(87, 67, 1, 3, 1),
(87, 68, 2, 3, 1),
(87, 69, 6, 1, 1),
(87, 72, 95, 3, 1),
(87, 73, 73, 1, 1),
(87, 75, 17, 3, 1),
(87, 76, 50, 2, 1),
(87, 79, 75, 3, 0),
(87, 80, 65, 1, 1),
(87, 82, 73, 2, 1),
(87, 83, 83, 2, 1),
(87, 84, 99, 1, 1),
(87, 85, 51, 1, 1),
(87, 86, 75, 1, 1),
(87, 87, 29, 3, 1),
(87, 89, 23, 1, 1),
(87, 92, 68, 3, 1),
(87, 94, 74, 1, 1),
(87, 95, 58, 3, 0),
(87, 96, 90, 1, 1),
(87, 97, 4, 2, 0),
(87, 99, 91, 1, 1),
(87, 100, 9, 3, 1),
(87, 101, 70, 1, 1),
(87, 102, 89, 3, 1),
(87, 104, 60, 1, 1),
(87, 105, 100, 3, 1),
(87, 106, 80, 3, 1),
(87, 107, 70, 2, 1),
(87, 109, 6, 3, 1),
(87, 111, 77, 2, 0),
(87, 113, 78, 2, 1),
(87, 115, 17, 1, 1),
(87, 116, 9, 2, 1),
(87, 117, 13, 2, 1),
(87, 118, 29, 1, 1),
(87, 119, 53, 3, 1),
(87, 121, 47, 1, 0),
(87, 122, 27, 2, 1),
(87, 123, 46, 3, 1),
(87, 124, 72, 1, 1),
(87, 125, 93, 1, 1),
(87, 126, 1, 2, 1),
(87, 127, 90, 2, 1),
(87, 129, 17, 1, 1),
(87, 130, 99, 1, 1),
(87, 136, 12, 2, 0),
(87, 137, 57, 1, 1),
(87, 138, 35, 2, 1),
(87, 139, 8, 3, 1),
(87, 140, 46, 3, 1),
(87, 141, 94, 1, 1),
(87, 142, 73, 3, 1),
(87, 143, 30, 3, 1),
(87, 144, 26, 2, 1),
(87, 146, 25, 3, 1),
(87, 148, 81, 2, 1),
(88, 3, 73, 1, 1),
(88, 4, 83, 3, 1),
(88, 5, 40, 2, 0),
(88, 6, 50, 2, 1),
(88, 7, 31, 3, 1),
(88, 8, 56, 2, 1),
(88, 9, 77, 1, 1),
(88, 10, 77, 3, 1),
(88, 13, 46, 3, 1),
(88, 15, 79, 1, 1),
(88, 16, 49, 1, 1),
(88, 17, 77, 2, 1),
(88, 18, 96, 2, 0),
(88, 22, 48, 1, 1),
(88, 23, 43, 1, 1),
(88, 24, 35, 3, 1),
(88, 25, 11, 1, 1),
(88, 27, 37, 1, 1),
(88, 29, 43, 1, 0),
(88, 30, 2, 3, 1),
(88, 31, 90, 1, 1),
(88, 32, 76, 1, 1),
(88, 33, 43, 2, 1),
(88, 34, 71, 1, 0),
(88, 37, 52, 1, 0),
(88, 39, 35, 1, 1),
(88, 40, 9, 3, 0),
(88, 41, 44, 2, 1),
(88, 42, 97, 2, 1),
(88, 45, 46, 1, 1),
(88, 46, 70, 3, 1),
(88, 47, 11, 1, 1),
(88, 50, 82, 1, 1),
(88, 51, 84, 2, 1),
(88, 52, 2, 2, 1),
(88, 54, 29, 2, 1),
(88, 57, 3, 3, 1),
(88, 58, 10, 1, 1),
(88, 61, 59, 1, 0),
(88, 62, 36, 2, 1),
(88, 63, 93, 3, 1),
(88, 64, 60, 1, 1),
(88, 65, 17, 1, 1),
(88, 66, 73, 3, 1),
(88, 67, 5, 1, 1),
(88, 68, 95, 1, 1),
(88, 70, 77, 2, 0),
(88, 71, 51, 3, 0),
(88, 72, 42, 2, 1),
(88, 73, 94, 1, 1),
(88, 74, 34, 2, 1),
(88, 75, 94, 1, 0),
(88, 80, 29, 1, 1),
(88, 82, 90, 1, 1),
(88, 83, 8, 1, 1),
(88, 84, 81, 1, 1),
(88, 85, 82, 1, 1),
(88, 87, 5, 2, 1),
(88, 89, 64, 1, 0),
(88, 91, 49, 2, 0),
(88, 92, 81, 1, 1),
(88, 93, 22, 1, 1),
(88, 94, 49, 3, 1),
(88, 96, 43, 1, 1),
(88, 98, 71, 2, 1),
(88, 99, 64, 2, 0),
(88, 100, 85, 2, 1),
(88, 101, 11, 2, 1),
(88, 103, 65, 2, 1),
(88, 105, 86, 1, 1),
(88, 106, 99, 2, 1),
(88, 107, 21, 2, 1),
(88, 108, 50, 2, 0),
(88, 109, 1, 3, 1),
(88, 112, 44, 1, 1),
(88, 113, 89, 3, 1),
(88, 115, 73, 2, 1),
(88, 118, 91, 1, 1),
(88, 119, 96, 3, 1),
(88, 120, 80, 1, 1),
(88, 122, 91, 3, 1),
(88, 123, 4, 2, 1),
(88, 124, 88, 1, 1),
(88, 125, 28, 3, 1),
(89, 1, 76, 3, 0),
(89, 2, 80, 3, 1),
(89, 3, 50, 2, 1),
(89, 4, 69, 3, 1),
(89, 5, 98, 1, 1),
(89, 6, 70, 1, 1),
(89, 7, 52, 2, 1),
(89, 8, 84, 3, 1),
(89, 12, 83, 3, 1),
(89, 14, 4, 2, 1),
(89, 15, 55, 2, 0),
(89, 17, 93, 3, 0),
(89, 18, 71, 1, 0),
(89, 19, 95, 1, 1),
(89, 20, 72, 1, 0),
(89, 21, 34, 3, 0),
(89, 22, 6, 1, 1),
(89, 23, 54, 3, 1),
(89, 24, 31, 2, 1),
(89, 25, 54, 3, 1),
(89, 26, 85, 3, 1),
(89, 27, 38, 3, 0),
(89, 28, 9, 2, 1),
(89, 29, 81, 2, 1),
(89, 30, 21, 1, 1),
(89, 31, 2, 2, 1),
(89, 32, 83, 1, 1),
(89, 34, 67, 1, 0),
(89, 35, 78, 3, 1),
(89, 36, 52, 2, 1),
(89, 37, 93, 3, 1),
(89, 38, 26, 1, 1),
(89, 39, 86, 2, 1),
(89, 40, 82, 3, 1),
(89, 42, 70, 1, 1),
(89, 44, 1, 1, 1),
(89, 45, 27, 2, 1),
(89, 46, 70, 3, 0),
(89, 47, 81, 2, 1),
(89, 48, 3, 2, 0),
(89, 49, 32, 2, 1),
(89, 50, 29, 3, 0),
(89, 51, 85, 1, 0),
(89, 52, 85, 2, 1),
(89, 54, 22, 1, 0),
(89, 55, 28, 1, 1),
(89, 56, 88, 3, 1),
(89, 57, 66, 1, 1),
(89, 58, 4, 2, 1),
(89, 59, 20, 1, 0),
(89, 60, 74, 1, 0),
(89, 61, 2, 1, 1),
(89, 62, 91, 1, 1),
(89, 63, 70, 2, 1),
(89, 64, 29, 3, 1),
(89, 65, 93, 1, 0),
(89, 66, 48, 2, 1),
(89, 67, 9, 3, 1),
(89, 68, 46, 3, 1),
(89, 70, 66, 1, 1),
(89, 72, 94, 3, 1),
(89, 75, 70, 1, 1),
(89, 76, 94, 1, 0),
(89, 77, 87, 1, 1),
(89, 78, 51, 1, 1),
(89, 79, 69, 2, 1),
(89, 81, 16, 1, 1),
(89, 84, 32, 1, 1),
(89, 85, 19, 3, 1),
(89, 86, 57, 2, 1),
(89, 87, 32, 3, 1),
(89, 88, 27, 1, 1),
(89, 89, 64, 3, 1),
(89, 90, 60, 1, 1),
(89, 91, 57, 2, 1),
(89, 92, 90, 1, 1),
(89, 93, 25, 2, 1),
(89, 94, 65, 3, 1),
(89, 95, 60, 2, 1),
(89, 96, 17, 1, 1),
(89, 97, 4, 2, 1),
(89, 98, 76, 3, 1),
(90, 2, 27, 2, 1),
(90, 3, 6, 3, 1),
(90, 4, 43, 2, 1),
(90, 5, 40, 2, 1),
(90, 6, 27, 3, 0),
(90, 7, 95, 3, 1),
(90, 8, 20, 1, 0),
(90, 9, 100, 1, 1),
(90, 10, 82, 3, 1),
(90, 11, 32, 2, 1),
(90, 12, 85, 2, 0),
(90, 13, 14, 1, 0),
(90, 14, 95, 2, 0),
(90, 15, 29, 3, 1),
(90, 18, 32, 2, 1),
(90, 19, 57, 1, 1),
(90, 20, 79, 1, 0),
(90, 21, 46, 2, 1),
(90, 22, 20, 1, 0),
(90, 24, 98, 3, 1),
(90, 25, 96, 2, 1),
(90, 26, 20, 1, 1),
(90, 27, 99, 1, 0),
(90, 28, 22, 1, 1),
(90, 29, 23, 3, 0),
(90, 30, 93, 3, 1),
(90, 31, 91, 1, 1),
(90, 32, 27, 2, 1),
(90, 33, 36, 3, 1),
(90, 34, 72, 1, 1),
(90, 35, 10, 3, 0),
(90, 36, 97, 1, 1),
(90, 37, 40, 1, 1),
(90, 38, 71, 1, 1),
(90, 40, 100, 3, 0),
(90, 42, 85, 2, 1),
(90, 43, 82, 2, 1),
(90, 44, 69, 2, 0),
(90, 45, 77, 2, 1),
(90, 46, 48, 1, 1),
(90, 47, 31, 1, 1),
(90, 48, 87, 1, 0),
(90, 50, 4, 3, 1),
(90, 52, 89, 2, 0),
(90, 53, 98, 3, 1),
(90, 55, 61, 2, 1),
(90, 56, 98, 3, 1),
(90, 58, 71, 2, 0),
(90, 59, 31, 2, 1),
(90, 60, 29, 3, 1),
(90, 61, 18, 1, 1),
(90, 62, 50, 1, 1),
(90, 63, 12, 3, 1),
(90, 64, 1, 3, 1),
(90, 65, 46, 1, 1),
(90, 66, 64, 1, 1),
(90, 67, 76, 1, 1),
(90, 68, 87, 1, 1),
(90, 69, 30, 2, 1),
(90, 70, 80, 2, 1),
(90, 71, 25, 1, 0),
(90, 72, 69, 2, 1),
(90, 73, 11, 3, 1),
(90, 74, 96, 1, 1),
(90, 75, 85, 2, 1),
(90, 76, 36, 2, 1),
(90, 77, 42, 1, 1),
(90, 78, 1, 2, 1),
(90, 80, 75, 2, 1),
(90, 81, 4, 2, 1),
(90, 82, 73, 3, 1),
(90, 83, 36, 3, 0),
(90, 86, 32, 2, 1),
(90, 87, 29, 1, 1),
(90, 89, 57, 3, 1),
(90, 90, 56, 2, 1),
(90, 91, 90, 2, 0),
(90, 92, 26, 3, 1),
(90, 93, 57, 3, 1),
(90, 94, 54, 3, 1),
(90, 95, 58, 2, 1),
(90, 96, 11, 3, 1),
(90, 97, 18, 3, 0),
(90, 98, 64, 2, 1),
(90, 99, 44, 2, 1),
(90, 100, 82, 1, 1),
(91, 1, 23, 2, 1),
(91, 3, 4, 3, 1),
(91, 4, 94, 3, 1),
(91, 5, 76, 2, 1),
(91, 7, 9, 2, 1),
(91, 10, 87, 2, 1),
(91, 11, 94, 1, 1),
(91, 14, 93, 2, 1),
(91, 17, 56, 1, 1),
(91, 18, 34, 2, 1),
(91, 19, 67, 2, 0),
(91, 20, 81, 2, 1),
(91, 21, 96, 2, 1),
(91, 22, 56, 1, 1),
(91, 23, 16, 3, 1),
(91, 24, 23, 3, 1),
(91, 25, 18, 1, 1),
(91, 26, 72, 3, 1),
(91, 27, 7, 2, 1),
(91, 28, 18, 3, 1),
(91, 29, 50, 1, 1),
(91, 30, 16, 2, 1),
(91, 32, 58, 3, 0),
(91, 33, 3, 2, 1),
(91, 34, 86, 1, 1),
(91, 35, 61, 1, 0),
(91, 36, 55, 1, 0),
(91, 37, 95, 3, 1),
(91, 39, 12, 2, 1),
(91, 40, 50, 2, 1),
(91, 41, 58, 2, 1),
(91, 43, 74, 1, 1),
(91, 44, 67, 2, 1),
(91, 45, 23, 2, 1),
(91, 48, 8, 2, 1),
(91, 50, 17, 2, 1),
(91, 51, 75, 3, 1),
(91, 52, 37, 1, 1),
(91, 53, 66, 3, 1),
(91, 54, 94, 1, 0),
(91, 55, 8, 3, 1),
(91, 56, 24, 1, 1),
(91, 58, 12, 3, 1),
(91, 59, 24, 3, 1),
(91, 61, 12, 3, 1),
(91, 69, 39, 2, 1),
(91, 70, 74, 2, 1),
(91, 71, 84, 2, 1),
(91, 73, 74, 2, 1),
(91, 74, 53, 1, 1),
(91, 77, 23, 2, 1),
(91, 78, 25, 1, 1),
(91, 79, 54, 3, 1),
(91, 80, 26, 2, 1),
(91, 84, 72, 1, 1),
(91, 87, 47, 3, 1),
(91, 88, 25, 3, 1),
(91, 89, 75, 2, 1),
(91, 91, 32, 1, 1),
(91, 96, 88, 3, 1),
(91, 97, 41, 2, 1),
(91, 100, 43, 3, 1),
(91, 101, 77, 3, 1),
(91, 102, 24, 3, 1),
(91, 103, 72, 3, 0),
(91, 104, 87, 1, 1),
(91, 106, 92, 1, 1),
(91, 107, 23, 2, 1),
(91, 108, 86, 2, 1),
(91, 109, 51, 2, 1),
(91, 111, 99, 3, 0),
(91, 115, 52, 1, 1),
(91, 116, 2, 1, 1),
(91, 120, 9, 2, 1),
(91, 122, 38, 3, 1),
(91, 123, 52, 2, 0),
(91, 124, 46, 2, 1),
(91, 125, 23, 1, 1),
(91, 126, 49, 2, 0),
(91, 129, 44, 1, 1),
(91, 130, 61, 3, 1),
(91, 131, 63, 2, 1),
(91, 134, 13, 1, 1),
(91, 135, 64, 1, 1),
(91, 136, 69, 1, 1),
(91, 137, 81, 2, 1),
(91, 141, 49, 1, 0),
(91, 142, 90, 1, 1),
(91, 143, 86, 2, 1),
(91, 144, 78, 1, 1),
(91, 145, 91, 3, 0),
(91, 146, 17, 3, 1),
(91, 149, 63, 2, 1),
(91, 150, 56, 3, 0),
(92, 3, 13, 3, 1),
(92, 5, 16, 3, 0),
(92, 6, 66, 3, 0),
(92, 7, 14, 2, 0),
(92, 9, 97, 2, 1),
(92, 10, 81, 3, 1),
(92, 11, 58, 3, 1),
(92, 12, 79, 1, 0),
(92, 13, 6, 1, 1),
(92, 14, 74, 1, 1),
(92, 15, 94, 1, 0),
(92, 16, 50, 2, 1),
(92, 17, 4, 1, 1),
(92, 18, 81, 1, 1),
(92, 19, 80, 1, 1),
(92, 20, 85, 1, 1),
(92, 21, 47, 1, 1),
(92, 22, 6, 2, 1),
(92, 23, 18, 3, 1),
(92, 24, 46, 2, 0),
(92, 25, 39, 1, 1),
(92, 26, 35, 3, 1),
(92, 28, 56, 3, 1),
(92, 29, 58, 3, 1),
(92, 31, 21, 1, 1),
(92, 32, 44, 1, 0),
(92, 33, 21, 2, 1),
(92, 34, 100, 1, 0),
(92, 35, 48, 1, 1),
(92, 36, 96, 3, 1),
(92, 37, 17, 1, 1),
(92, 39, 66, 1, 0),
(92, 40, 40, 3, 1),
(92, 41, 7, 3, 0),
(92, 43, 100, 3, 1),
(92, 47, 80, 1, 1),
(92, 48, 62, 1, 1),
(92, 49, 76, 3, 1),
(92, 51, 74, 3, 0),
(92, 52, 87, 2, 1),
(92, 53, 42, 3, 1),
(92, 54, 73, 3, 1),
(92, 55, 93, 2, 0),
(92, 56, 69, 3, 1),
(92, 57, 52, 1, 1),
(92, 58, 24, 1, 1),
(92, 61, 35, 3, 1),
(92, 62, 89, 2, 1),
(92, 63, 95, 1, 1),
(92, 64, 42, 2, 1),
(92, 65, 8, 2, 1),
(92, 66, 70, 3, 1),
(92, 67, 49, 3, 1),
(92, 68, 84, 3, 1),
(92, 69, 95, 1, 1),
(92, 70, 62, 1, 1),
(92, 71, 80, 1, 0),
(92, 72, 12, 1, 0),
(92, 73, 44, 2, 1),
(92, 74, 95, 1, 1),
(92, 75, 68, 1, 1),
(92, 76, 84, 2, 1),
(92, 77, 41, 2, 1),
(92, 78, 73, 1, 1),
(92, 79, 11, 1, 0),
(92, 80, 95, 2, 1),
(92, 81, 42, 2, 1),
(92, 82, 67, 1, 1),
(92, 83, 60, 3, 0),
(92, 84, 38, 3, 1),
(92, 86, 5, 1, 1),
(92, 88, 22, 1, 1),
(92, 89, 85, 3, 1),
(92, 90, 32, 1, 1),
(92, 91, 8, 1, 1),
(92, 92, 19, 3, 1),
(92, 93, 6, 2, 1),
(92, 94, 42, 3, 1),
(92, 95, 10, 3, 1),
(92, 96, 7, 3, 1),
(92, 97, 81, 2, 1),
(92, 100, 27, 1, 1),
(93, 1, 84, 3, 1),
(93, 2, 82, 1, 1),
(93, 3, 73, 3, 1),
(93, 4, 52, 3, 0),
(93, 5, 16, 2, 1),
(93, 6, 45, 2, 1),
(93, 7, 69, 1, 1),
(93, 8, 54, 1, 0),
(93, 9, 76, 3, 1),
(93, 10, 73, 3, 1),
(93, 11, 27, 3, 1),
(93, 13, 8, 1, 0),
(93, 14, 68, 2, 0),
(93, 15, 17, 1, 1),
(93, 17, 28, 1, 1),
(93, 18, 19, 3, 1),
(93, 19, 75, 1, 1),
(93, 20, 5, 1, 0),
(93, 21, 38, 3, 1),
(93, 22, 69, 3, 1),
(93, 23, 56, 3, 1),
(93, 24, 70, 1, 0),
(93, 25, 34, 2, 1),
(93, 26, 16, 3, 1),
(93, 27, 78, 2, 1),
(93, 28, 61, 3, 1),
(93, 30, 94, 2, 1),
(93, 31, 63, 2, 1),
(93, 33, 94, 2, 1),
(93, 34, 81, 2, 0),
(93, 35, 86, 2, 1),
(93, 36, 34, 2, 1),
(93, 37, 62, 3, 1),
(93, 39, 53, 3, 1),
(93, 40, 100, 3, 1),
(93, 41, 22, 1, 1),
(93, 42, 59, 3, 1),
(93, 43, 77, 1, 0),
(93, 44, 54, 2, 1),
(93, 45, 41, 1, 1),
(93, 46, 74, 2, 0),
(93, 47, 52, 3, 0),
(93, 48, 66, 2, 1),
(93, 49, 30, 2, 1),
(93, 51, 94, 1, 1),
(93, 52, 6, 3, 1),
(93, 53, 82, 1, 0),
(93, 54, 19, 2, 1),
(93, 55, 20, 1, 1),
(93, 56, 44, 1, 1),
(93, 57, 82, 3, 1),
(93, 58, 75, 3, 1),
(93, 59, 71, 1, 1),
(93, 60, 22, 1, 1),
(93, 61, 64, 3, 1),
(93, 62, 64, 2, 0),
(93, 63, 24, 1, 1),
(93, 64, 64, 1, 1),
(93, 65, 92, 1, 1),
(93, 66, 37, 2, 1),
(93, 70, 90, 1, 1),
(93, 71, 87, 2, 1),
(93, 72, 70, 1, 1),
(93, 74, 58, 1, 1),
(93, 75, 47, 2, 1),
(93, 77, 91, 3, 1),
(93, 78, 9, 1, 0),
(93, 79, 62, 2, 1),
(93, 80, 50, 2, 1),
(93, 82, 25, 3, 1),
(93, 83, 77, 2, 1),
(93, 84, 71, 2, 1),
(93, 85, 74, 1, 1),
(93, 86, 85, 1, 1),
(93, 87, 92, 3, 1),
(93, 88, 72, 2, 1),
(93, 89, 13, 3, 1),
(93, 90, 11, 1, 0),
(93, 91, 1, 2, 1),
(93, 92, 60, 2, 1),
(93, 93, 37, 1, 1),
(93, 94, 2, 2, 1),
(93, 95, 88, 1, 1),
(93, 96, 98, 3, 1),
(93, 97, 88, 1, 1),
(93, 99, 100, 3, 1),
(94, 3, 39, 2, 1),
(94, 4, 22, 2, 1),
(94, 5, 56, 2, 1),
(94, 6, 57, 2, 1),
(94, 7, 8, 2, 1),
(94, 8, 71, 3, 1),
(94, 9, 2, 1, 0),
(94, 10, 8, 2, 1),
(94, 11, 35, 1, 1),
(94, 12, 19, 1, 1),
(94, 14, 81, 2, 0),
(94, 15, 20, 1, 1),
(94, 16, 52, 3, 1),
(94, 17, 93, 3, 1),
(94, 18, 59, 3, 1),
(94, 19, 58, 3, 1),
(94, 20, 5, 2, 1),
(94, 21, 97, 1, 0),
(94, 22, 4, 2, 1),
(94, 24, 15, 3, 0),
(94, 25, 34, 3, 0),
(94, 26, 78, 3, 1),
(94, 27, 57, 1, 1),
(94, 28, 41, 2, 0),
(94, 30, 28, 3, 1),
(94, 31, 28, 1, 1),
(94, 32, 62, 3, 1),
(94, 33, 47, 3, 1),
(94, 35, 60, 1, 1),
(94, 36, 47, 1, 1),
(94, 37, 76, 2, 1),
(94, 38, 42, 1, 1),
(94, 39, 53, 2, 1),
(94, 40, 25, 3, 1),
(94, 41, 11, 2, 1),
(94, 42, 68, 1, 1),
(94, 43, 23, 1, 1),
(94, 44, 82, 1, 1),
(94, 45, 42, 3, 0),
(94, 46, 45, 1, 1),
(94, 47, 54, 1, 1),
(94, 48, 46, 1, 0),
(94, 49, 34, 2, 1),
(94, 50, 81, 1, 1),
(94, 51, 86, 3, 0),
(94, 52, 94, 3, 0),
(94, 53, 82, 1, 0),
(94, 54, 44, 3, 0),
(94, 55, 24, 2, 0),
(94, 56, 2, 2, 0),
(94, 57, 16, 1, 1),
(94, 58, 77, 3, 1),
(94, 60, 58, 1, 1),
(94, 61, 64, 3, 0),
(94, 62, 27, 3, 1),
(94, 63, 88, 1, 1),
(94, 64, 9, 3, 1),
(94, 65, 52, 2, 1),
(94, 66, 13, 3, 1),
(94, 67, 43, 3, 0),
(94, 69, 45, 1, 1),
(94, 70, 72, 1, 1),
(94, 71, 50, 2, 1),
(94, 72, 94, 3, 1),
(94, 73, 12, 2, 1),
(94, 74, 75, 2, 1),
(95, 1, 76, 2, 1),
(95, 2, 4, 3, 1),
(95, 3, 92, 3, 1),
(95, 4, 7, 2, 1),
(95, 5, 94, 3, 1),
(95, 6, 92, 1, 1),
(95, 7, 42, 3, 1),
(95, 9, 35, 1, 0),
(95, 10, 39, 3, 1),
(95, 11, 75, 2, 1),
(95, 12, 87, 2, 1),
(95, 13, 84, 1, 1),
(95, 14, 51, 3, 0),
(95, 15, 95, 2, 0),
(95, 16, 1, 1, 1),
(95, 17, 78, 3, 1),
(95, 18, 83, 2, 1),
(95, 19, 58, 3, 0),
(95, 21, 64, 3, 1),
(95, 23, 73, 3, 1),
(95, 25, 78, 1, 1),
(95, 26, 76, 3, 0),
(95, 27, 77, 3, 1),
(95, 28, 28, 2, 1),
(95, 29, 22, 3, 1),
(95, 30, 41, 1, 0),
(95, 31, 43, 1, 1),
(95, 32, 74, 2, 1),
(95, 34, 89, 2, 1),
(95, 35, 83, 2, 1),
(95, 36, 52, 3, 0),
(95, 37, 40, 2, 1),
(95, 38, 50, 3, 1),
(95, 39, 60, 3, 1),
(95, 41, 64, 1, 1),
(95, 42, 61, 1, 1),
(95, 43, 83, 1, 0),
(95, 44, 70, 3, 1),
(95, 45, 81, 2, 1),
(95, 47, 99, 2, 1),
(95, 49, 64, 1, 0),
(95, 51, 96, 1, 0),
(95, 53, 34, 1, 0),
(95, 54, 17, 3, 1),
(95, 55, 56, 2, 0),
(95, 56, 100, 1, 1),
(95, 57, 18, 1, 1),
(95, 58, 13, 2, 1),
(95, 59, 69, 1, 1),
(95, 60, 35, 1, 1),
(95, 61, 63, 2, 1),
(95, 63, 47, 3, 1),
(95, 64, 35, 2, 1),
(95, 65, 75, 1, 1),
(95, 66, 40, 2, 0),
(95, 67, 28, 3, 1),
(95, 68, 28, 2, 1),
(95, 69, 39, 2, 1),
(95, 70, 93, 1, 1),
(95, 71, 25, 1, 1),
(95, 72, 48, 3, 1),
(95, 73, 6, 2, 0),
(95, 74, 88, 3, 1),
(95, 76, 43, 1, 1),
(95, 78, 28, 3, 1),
(95, 79, 88, 1, 0),
(95, 80, 45, 3, 0),
(95, 81, 50, 3, 1),
(95, 82, 89, 2, 1),
(95, 83, 11, 3, 1),
(95, 86, 34, 1, 1),
(95, 87, 98, 3, 1),
(95, 88, 88, 2, 1),
(95, 89, 7, 3, 0),
(95, 90, 38, 2, 1),
(95, 93, 88, 1, 1),
(95, 94, 15, 2, 1),
(95, 96, 25, 3, 1),
(95, 98, 46, 3, 0),
(95, 99, 57, 2, 0),
(95, 100, 13, 3, 1),
(95, 101, 70, 3, 1),
(95, 103, 77, 1, 1),
(95, 105, 63, 1, 1),
(95, 106, 87, 1, 1),
(95, 107, 28, 3, 1),
(95, 108, 96, 1, 1),
(95, 109, 54, 1, 1),
(95, 111, 56, 3, 1),
(95, 112, 96, 1, 0),
(95, 114, 13, 3, 0),
(95, 115, 41, 3, 1),
(95, 116, 50, 2, 1),
(95, 117, 43, 3, 1),
(95, 118, 95, 3, 1),
(95, 119, 57, 1, 1),
(95, 122, 60, 3, 0),
(95, 123, 32, 3, 1),
(95, 125, 71, 2, 1),
(96, 2, 60, 2, 1),
(96, 3, 63, 3, 1),
(96, 4, 57, 3, 1),
(96, 5, 53, 3, 1),
(96, 6, 71, 2, 1),
(96, 7, 88, 1, 1),
(96, 8, 82, 1, 1),
(96, 10, 38, 3, 1),
(96, 11, 45, 3, 1),
(96, 12, 98, 1, 1),
(96, 15, 52, 3, 1),
(96, 17, 79, 1, 1),
(96, 18, 96, 2, 1),
(96, 19, 50, 2, 1),
(96, 20, 50, 1, 1),
(96, 21, 25, 3, 1),
(96, 22, 92, 2, 1),
(96, 25, 8, 1, 1),
(96, 26, 1, 1, 1),
(96, 28, 15, 3, 1),
(96, 29, 87, 2, 0),
(96, 30, 55, 3, 1),
(96, 31, 64, 3, 1),
(96, 32, 39, 1, 1),
(96, 33, 24, 2, 1),
(96, 34, 22, 1, 0),
(96, 35, 95, 3, 1),
(96, 36, 50, 2, 1),
(96, 37, 52, 1, 1),
(96, 38, 24, 1, 1),
(96, 40, 47, 2, 1),
(96, 41, 26, 1, 1),
(96, 43, 17, 1, 1),
(96, 44, 12, 3, 1),
(96, 45, 99, 1, 0),
(96, 46, 32, 1, 0),
(96, 47, 52, 2, 1),
(96, 48, 7, 2, 1),
(96, 49, 96, 2, 1),
(96, 51, 54, 1, 1),
(96, 55, 99, 1, 1),
(96, 56, 17, 1, 1),
(96, 59, 17, 1, 1),
(96, 60, 56, 3, 0),
(96, 61, 48, 2, 1),
(96, 62, 5, 2, 1),
(96, 63, 65, 3, 0),
(96, 65, 7, 3, 1),
(96, 66, 62, 1, 1),
(96, 67, 35, 2, 1),
(96, 68, 29, 3, 0),
(96, 69, 70, 3, 1),
(96, 70, 6, 3, 0),
(96, 71, 11, 1, 1),
(96, 72, 69, 3, 1),
(96, 73, 13, 2, 1),
(96, 75, 24, 2, 1),
(96, 76, 76, 3, 1),
(96, 78, 4, 1, 1),
(96, 80, 65, 1, 1),
(96, 81, 46, 2, 0),
(96, 82, 50, 2, 1),
(96, 83, 10, 1, 0),
(96, 84, 60, 1, 1),
(96, 85, 81, 3, 0),
(96, 86, 91, 1, 0),
(96, 87, 24, 3, 1),
(96, 88, 49, 1, 1),
(96, 90, 4, 2, 1),
(96, 91, 88, 1, 1),
(96, 92, 83, 3, 1),
(96, 93, 66, 1, 1),
(96, 96, 55, 1, 1),
(96, 97, 94, 1, 1),
(96, 98, 63, 2, 1),
(96, 99, 100, 3, 1),
(96, 100, 36, 2, 0),
(96, 101, 37, 2, 0),
(96, 103, 36, 1, 1),
(96, 104, 54, 3, 1),
(96, 105, 19, 3, 0),
(96, 106, 20, 3, 1),
(96, 107, 1, 2, 1),
(96, 108, 55, 2, 1),
(96, 109, 5, 3, 1),
(96, 110, 96, 3, 1),
(96, 111, 48, 3, 1),
(96, 112, 19, 3, 1),
(96, 113, 4, 3, 1),
(96, 114, 97, 3, 1),
(96, 115, 73, 2, 1),
(96, 117, 71, 3, 1),
(96, 118, 9, 3, 1),
(96, 119, 35, 1, 0),
(96, 120, 16, 3, 1),
(96, 121, 80, 3, 1),
(96, 122, 41, 2, 1),
(96, 123, 41, 1, 1),
(96, 124, 95, 3, 1),
(97, 2, 59, 1, 1),
(97, 4, 76, 3, 1),
(97, 5, 83, 2, 1),
(97, 6, 92, 2, 1),
(97, 7, 90, 3, 1),
(97, 8, 86, 2, 1),
(97, 9, 29, 1, 1),
(97, 11, 28, 1, 1),
(97, 12, 46, 2, 1),
(97, 13, 72, 1, 0),
(97, 14, 70, 1, 1),
(97, 15, 41, 3, 1),
(97, 17, 60, 1, 1),
(97, 18, 95, 3, 1),
(97, 19, 32, 3, 1),
(97, 21, 27, 1, 1),
(97, 22, 87, 3, 0),
(97, 24, 57, 3, 1),
(97, 28, 32, 3, 1),
(97, 31, 43, 3, 1),
(97, 33, 20, 3, 1),
(97, 34, 39, 1, 1),
(97, 35, 83, 1, 1),
(97, 36, 18, 3, 1),
(97, 38, 13, 2, 1),
(97, 39, 38, 2, 1),
(97, 41, 16, 2, 1),
(97, 43, 13, 3, 1),
(97, 44, 83, 1, 0),
(97, 45, 88, 3, 0),
(97, 46, 14, 3, 1),
(97, 47, 9, 2, 1),
(97, 49, 50, 2, 1),
(97, 51, 61, 3, 1),
(97, 52, 54, 1, 1),
(97, 53, 5, 1, 1),
(97, 55, 21, 3, 1),
(97, 57, 23, 3, 1),
(97, 60, 68, 3, 1),
(97, 62, 37, 1, 1),
(97, 66, 33, 3, 1),
(97, 67, 40, 3, 1),
(97, 68, 8, 2, 1),
(97, 69, 95, 1, 1),
(97, 71, 53, 2, 1),
(97, 72, 93, 1, 1),
(97, 73, 79, 3, 1),
(97, 74, 76, 3, 1),
(97, 75, 45, 2, 1),
(97, 76, 48, 1, 0),
(97, 78, 34, 1, 0),
(97, 80, 8, 3, 1),
(97, 81, 13, 2, 1),
(97, 82, 66, 1, 1),
(97, 84, 84, 1, 1),
(97, 86, 1, 1, 1),
(97, 87, 100, 2, 1),
(97, 88, 71, 2, 1),
(97, 89, 49, 2, 1),
(97, 91, 68, 3, 1),
(97, 92, 25, 3, 0),
(97, 93, 7, 2, 0),
(97, 96, 20, 2, 1),
(97, 98, 21, 3, 1),
(97, 99, 41, 2, 0),
(97, 101, 64, 1, 0),
(97, 102, 76, 1, 1),
(97, 103, 15, 1, 1),
(97, 104, 92, 2, 1),
(97, 105, 42, 1, 1),
(97, 107, 70, 3, 0),
(97, 109, 100, 2, 1),
(97, 110, 93, 2, 1),
(97, 111, 54, 1, 1),
(97, 112, 32, 1, 0),
(97, 114, 1, 1, 1),
(97, 115, 85, 3, 1),
(97, 116, 45, 1, 1),
(97, 119, 19, 3, 0),
(97, 120, 75, 3, 0),
(97, 121, 2, 3, 0),
(97, 122, 76, 1, 1),
(97, 123, 99, 1, 1),
(97, 124, 51, 1, 1),
(98, 2, 2, 2, 1),
(98, 3, 46, 2, 1),
(98, 4, 4, 2, 1),
(98, 5, 22, 3, 1),
(98, 6, 91, 2, 1),
(98, 7, 17, 1, 0),
(98, 8, 16, 2, 1),
(98, 9, 45, 2, 0),
(98, 10, 45, 1, 1),
(98, 11, 60, 2, 1),
(98, 12, 35, 2, 1),
(98, 13, 51, 1, 1),
(98, 14, 44, 2, 1),
(98, 15, 59, 1, 1),
(98, 16, 39, 2, 0),
(98, 17, 92, 2, 1),
(98, 18, 72, 3, 1),
(98, 19, 61, 1, 0),
(98, 20, 27, 2, 1),
(98, 21, 38, 1, 1),
(98, 22, 22, 2, 1),
(98, 23, 29, 2, 1),
(98, 24, 18, 2, 1),
(98, 25, 1, 1, 1),
(98, 26, 68, 2, 1),
(98, 27, 78, 1, 1),
(98, 28, 76, 3, 0),
(98, 29, 53, 3, 1),
(98, 30, 96, 3, 1),
(98, 31, 51, 3, 0),
(98, 32, 42, 3, 1),
(98, 33, 85, 3, 0),
(98, 34, 5, 3, 1),
(98, 35, 67, 3, 1),
(98, 36, 97, 3, 1),
(98, 37, 38, 1, 0),
(98, 38, 23, 1, 1),
(98, 39, 79, 3, 1),
(98, 40, 89, 1, 0),
(98, 41, 36, 1, 1),
(98, 42, 15, 2, 0),
(98, 43, 27, 2, 1),
(98, 44, 27, 2, 1),
(98, 45, 74, 1, 1),
(98, 46, 93, 2, 1),
(98, 47, 60, 2, 1),
(98, 48, 79, 1, 1),
(98, 49, 38, 3, 1),
(98, 50, 70, 2, 0),
(99, 1, 62, 2, 0),
(99, 2, 67, 3, 1),
(99, 3, 59, 2, 1),
(99, 4, 80, 3, 1),
(99, 6, 50, 1, 1),
(99, 7, 42, 1, 0),
(99, 8, 10, 3, 1),
(99, 9, 36, 2, 1),
(99, 10, 63, 1, 1),
(99, 11, 48, 3, 1),
(99, 12, 14, 2, 1),
(99, 14, 70, 3, 1),
(99, 15, 89, 2, 1),
(99, 17, 74, 1, 0),
(99, 19, 23, 2, 1),
(99, 20, 58, 2, 1),
(99, 22, 77, 2, 1),
(99, 24, 28, 3, 1),
(99, 25, 38, 2, 1),
(99, 26, 45, 1, 1),
(99, 28, 23, 3, 0),
(99, 29, 13, 2, 1),
(99, 30, 14, 3, 1),
(99, 31, 87, 2, 1),
(99, 32, 11, 1, 1),
(99, 33, 78, 2, 1),
(99, 34, 21, 3, 1),
(99, 36, 19, 1, 1),
(99, 37, 16, 1, 1),
(99, 38, 58, 3, 1),
(99, 39, 73, 2, 1),
(99, 40, 68, 2, 1),
(99, 41, 92, 3, 1),
(99, 43, 55, 1, 1),
(99, 45, 84, 3, 1),
(99, 46, 43, 3, 1),
(99, 47, 33, 1, 1),
(99, 48, 42, 3, 1),
(99, 50, 40, 2, 1),
(99, 51, 84, 1, 0),
(99, 52, 53, 1, 1),
(99, 53, 93, 1, 0),
(99, 54, 52, 1, 1),
(99, 56, 9, 1, 1),
(99, 57, 75, 3, 1),
(99, 58, 26, 2, 1),
(99, 59, 12, 1, 1),
(99, 61, 47, 2, 0),
(99, 62, 77, 2, 0),
(99, 64, 62, 1, 1),
(99, 65, 16, 3, 1),
(99, 66, 29, 3, 1),
(99, 67, 63, 1, 1),
(99, 68, 36, 1, 1),
(99, 69, 62, 1, 1),
(99, 70, 47, 2, 1),
(99, 71, 42, 2, 1),
(99, 72, 52, 2, 1),
(99, 73, 39, 3, 1),
(99, 74, 41, 3, 0),
(99, 75, 97, 2, 1),
(99, 76, 16, 3, 1),
(99, 77, 58, 2, 0),
(99, 80, 77, 1, 1),
(99, 81, 82, 3, 1),
(99, 82, 65, 3, 1),
(99, 83, 64, 1, 1),
(99, 84, 58, 3, 1),
(99, 85, 8, 3, 1),
(99, 86, 62, 2, 1),
(99, 87, 85, 3, 1),
(99, 88, 50, 3, 1),
(99, 90, 67, 1, 0),
(99, 91, 46, 3, 0),
(99, 92, 59, 3, 1),
(99, 93, 2, 2, 1),
(99, 96, 63, 1, 1),
(99, 97, 87, 3, 1),
(99, 98, 96, 1, 1),
(99, 99, 66, 2, 1),
(99, 100, 94, 2, 1),
(100, 1, 2, 3, 1),
(100, 2, 36, 2, 1),
(100, 4, 58, 3, 1),
(100, 6, 57, 2, 1),
(100, 7, 2, 2, 0),
(100, 8, 53, 2, 0),
(100, 9, 31, 3, 1),
(100, 10, 65, 3, 1),
(100, 11, 39, 1, 0),
(100, 12, 85, 1, 1),
(100, 13, 58, 1, 1),
(100, 16, 76, 3, 1),
(100, 17, 76, 1, 1),
(100, 19, 98, 3, 1),
(100, 20, 86, 1, 1);
INSERT INTO `tickets` (`seance_id`, `seat_number`, `client_id`, `ticket_type_id`, `payment_status`) VALUES
(100, 21, 45, 1, 1),
(100, 22, 45, 1, 1),
(100, 25, 41, 2, 1),
(100, 27, 99, 1, 1),
(100, 28, 27, 3, 1),
(100, 29, 7, 1, 1),
(100, 30, 5, 3, 1),
(100, 32, 57, 1, 0),
(100, 33, 42, 3, 1),
(100, 34, 73, 2, 1),
(100, 36, 30, 3, 1),
(100, 37, 6, 2, 0),
(100, 38, 20, 3, 0),
(100, 39, 76, 2, 1),
(100, 40, 86, 2, 0),
(100, 41, 80, 2, 1),
(100, 43, 15, 2, 0),
(100, 45, 16, 1, 1),
(100, 47, 63, 3, 1),
(100, 48, 91, 1, 1),
(100, 49, 47, 3, 1),
(100, 50, 40, 2, 1),
(100, 51, 2, 2, 1),
(100, 52, 42, 1, 0),
(100, 53, 29, 3, 1),
(100, 54, 3, 2, 1),
(100, 55, 33, 2, 1),
(100, 57, 25, 3, 1),
(100, 58, 32, 1, 0),
(100, 59, 57, 3, 0),
(100, 61, 31, 1, 1),
(100, 63, 84, 3, 0),
(100, 64, 20, 3, 1),
(100, 65, 29, 1, 1),
(100, 66, 68, 1, 1),
(100, 68, 50, 1, 1),
(100, 69, 75, 2, 1),
(100, 70, 39, 3, 0),
(100, 71, 100, 1, 1),
(100, 72, 85, 3, 1),
(100, 73, 30, 1, 0),
(100, 74, 43, 1, 1),
(100, 75, 69, 1, 1),
(100, 76, 100, 3, 0),
(100, 77, 8, 1, 1),
(100, 78, 72, 3, 1),
(100, 79, 37, 3, 1),
(100, 80, 13, 2, 1),
(100, 82, 46, 3, 1),
(100, 83, 20, 3, 1),
(100, 84, 41, 1, 1),
(100, 86, 45, 2, 1),
(100, 87, 77, 3, 1),
(100, 88, 2, 3, 1),
(100, 89, 76, 1, 1),
(100, 90, 72, 3, 1),
(100, 91, 60, 2, 1),
(100, 92, 95, 1, 1),
(100, 93, 7, 3, 1),
(100, 94, 80, 2, 1),
(100, 95, 70, 3, 1),
(100, 96, 100, 3, 1),
(100, 97, 62, 1, 1),
(100, 98, 24, 3, 1);

-- --------------------------------------------------------

--
-- Zastąpiona struktura widoku `tickets_monthly`
-- (Zobacz poniżej rzeczywisty widok)
--
CREATE TABLE `tickets_monthly` (
`year` int(4)
,`month` int(2)
,`city` varchar(15)
,`name` varchar(30)
,`ticket_income` decimal(28,2)
);

-- --------------------------------------------------------

--
-- Struktura tabeli dla tabeli `ticket_types`
--

CREATE TABLE `ticket_types` (
  `id` int(11) NOT NULL,
  `name` varchar(15) CHARACTER SET utf8 COLLATE utf8_unicode_ci NOT NULL,
  `price` decimal(6,2) UNSIGNED NOT NULL,
  `price3D` decimal(6,2) NOT NULL
) ENGINE=InnoDB DEFAULT CHARSET=latin1;

--
-- Zrzut danych tabeli `ticket_types`
--

INSERT INTO `ticket_types` (`id`, `name`, `price`, `price3D`) VALUES
(1, 'Normalny', '16.00', '24.00'),
(2, 'Ulgowy', '12.00', '18.00'),
(3, 'Grupowy', '14.00', '20.00');

-- --------------------------------------------------------

--
-- Zastąpiona struktura widoku `years_and_months`
-- (Zobacz poniżej rzeczywisty widok)
--
CREATE TABLE `years_and_months` (
`year` int(4)
,`month` int(11)
);

-- --------------------------------------------------------

--
-- Struktura widoku `employee_list`
--
DROP TABLE IF EXISTS `employee_list`;

CREATE ALGORITHM=UNDEFINED DEFINER=`root`@`localhost` SQL SECURITY DEFINER VIEW `employee_list`  AS  select `departments`.`city` AS `city`,`departments`.`name` AS `cinema`,`employees`.`name` AS `name`,`employees`.`surname` AS `surname`,`jobs`.`name` AS `job_name`,`employees`.`salary` AS `salary` from ((`employees` join `jobs` on(`employees`.`job_id` = `jobs`.`id`)) join `departments` on(`employees`.`department_id` = `departments`.`id`)) where `employees`.`job_end` is null order by `employees`.`department_id` ;

-- --------------------------------------------------------

--
-- Struktura widoku `most_profitable_movies`
--
DROP TABLE IF EXISTS `most_profitable_movies`;

CREATE ALGORITHM=UNDEFINED DEFINER=`root`@`localhost` SQL SECURITY DEFINER VIEW `most_profitable_movies`  AS  select `movies`.`title` AS `title`,sum(case when `seances`.`3D` = 0 then `ticket_types`.`price` else `ticket_types`.`price3D` end) AS `price` from (((`tickets` join `ticket_types` on(`tickets`.`ticket_type_id` = `ticket_types`.`id`)) join `seances` on(`tickets`.`seance_id` = `seances`.`id`)) join `movies` on(`seances`.`movie_id` = `movies`.`id`)) group by `movies`.`title` order by sum(case when `seances`.`3D` = 0 then `ticket_types`.`price` else `ticket_types`.`price3D` end) desc ;

-- --------------------------------------------------------

--
-- Struktura widoku `profit_monthly`
--
DROP TABLE IF EXISTS `profit_monthly`;

CREATE ALGORITHM=UNDEFINED DEFINER=`root`@`localhost` SQL SECURITY DEFINER VIEW `profit_monthly`  AS  select `tickets_monthly`.`year` AS `year`,`tickets_monthly`.`month` AS `month`,`tickets_monthly`.`city` AS `city`,`tickets_monthly`.`name` AS `name`,`tickets_monthly`.`ticket_income` AS `ticket_income`,`salary_month`.`month_salary` AS `month_salary`,`tickets_monthly`.`ticket_income` - `salary_month`.`month_salary` AS `profit` from (`tickets_monthly` join `salary_month` on(`tickets_monthly`.`year` = `salary_month`.`year` and `tickets_monthly`.`month` = `salary_month`.`month` and `tickets_monthly`.`city` = `salary_month`.`city` and `tickets_monthly`.`name` = `tickets_monthly`.`name`)) order by `tickets_monthly`.`year` desc,`tickets_monthly`.`month` desc,`tickets_monthly`.`city`,`tickets_monthly`.`name` ;

-- --------------------------------------------------------

--
-- Struktura widoku `repertuar`
--
DROP TABLE IF EXISTS `repertuar`;

CREATE ALGORITHM=UNDEFINED DEFINER=`root`@`localhost` SQL SECURITY DEFINER VIEW `repertuar`  AS  select `movies`.`title` AS `title`,group_concat(`genres`.`name` separator ', ') AS `genres`,`movies`.`length` AS `length`,`movies`.`rating` AS `rating` from ((`genres` join `movie_genres` on(`genres`.`id` = `movie_genres`.`genre_id`)) join `movies` on(`movie_genres`.`movie_id` = `movies`.`id`)) group by `movies`.`title` order by `movies`.`rating` desc ;

-- --------------------------------------------------------

--
-- Struktura widoku `salary_month`
--
DROP TABLE IF EXISTS `salary_month`;

CREATE ALGORITHM=UNDEFINED DEFINER=`root`@`localhost` SQL SECURITY DEFINER VIEW `salary_month`  AS  select `years_and_months`.`year` AS `year`,`years_and_months`.`month` AS `month`,`departments`.`city` AS `city`,`departments`.`name` AS `name`,sum(`employees`.`salary`) AS `month_salary` from ((`employees` join `years_and_months`) join `departments` on(`departments`.`id` = `employees`.`department_id`)) where `employees`.`job_end` is null and `employees`.`job_start` <= str_to_date(concat(lpad(1,2,'0'),lpad(`years_and_months`.`month`,2,'0'),`years_and_months`.`year`),'%d%m%Y') or str_to_date(concat(lpad(1,2,'0'),lpad(`years_and_months`.`month`,2,'0'),`years_and_months`.`year`),'%d%m%Y') between `employees`.`job_start` and `employees`.`job_end` group by `years_and_months`.`year`,`years_and_months`.`month`,`departments`.`id` order by `years_and_months`.`year` desc,`years_and_months`.`month` desc,`departments`.`id` ;

-- --------------------------------------------------------

--
-- Struktura widoku `tickets_monthly`
--
DROP TABLE IF EXISTS `tickets_monthly`;

CREATE ALGORITHM=UNDEFINED DEFINER=`root`@`localhost` SQL SECURITY DEFINER VIEW `tickets_monthly`  AS  select year(`seances`.`date`) AS `year`,month(`seances`.`date`) AS `month`,`departments`.`city` AS `city`,`departments`.`name` AS `name`,sum(case when `seances`.`3D` = 0 then `ticket_types`.`price` else `ticket_types`.`price3D` end) AS `ticket_income` from ((((`tickets` join `ticket_types` on(`ticket_types`.`id` = `tickets`.`ticket_type_id`)) join `seances` on(`tickets`.`seance_id` = `seances`.`id`)) join `cinema_rooms` on(`cinema_rooms`.`id` = `seances`.`cinema_room_id`)) join `departments` on(`departments`.`id` = `cinema_rooms`.`department_id`)) group by year(`seances`.`date`),month(`seances`.`date`),`departments`.`id` order by year(`seances`.`date`),month(`seances`.`date`) ;

-- --------------------------------------------------------

--
-- Struktura widoku `years_and_months`
--
DROP TABLE IF EXISTS `years_and_months`;

CREATE ALGORITHM=UNDEFINED DEFINER=`root`@`localhost` SQL SECURITY DEFINER VIEW `years_and_months`  AS  select distinct year(`employees`.`job_start`) AS `year`,`months`.`number` AS `month` from (`employees` join `months`) ;

--
-- Indeksy dla zrzutów tabel
--

--
-- Indeksy dla tabeli `cinema_rooms`
--
ALTER TABLE `cinema_rooms`
  ADD PRIMARY KEY (`id`),
  ADD KEY `department_id` (`department_id`),
  ADD KEY `room_number` (`room_number`) USING BTREE;

--
-- Indeksy dla tabeli `clients`
--
ALTER TABLE `clients`
  ADD PRIMARY KEY (`id`);

--
-- Indeksy dla tabeli `departments`
--
ALTER TABLE `departments`
  ADD PRIMARY KEY (`id`);

--
-- Indeksy dla tabeli `employees`
--
ALTER TABLE `employees`
  ADD PRIMARY KEY (`id`),
  ADD KEY `department_id` (`department_id`),
  ADD KEY `job_id` (`job_id`);

--
-- Indeksy dla tabeli `genres`
--
ALTER TABLE `genres`
  ADD PRIMARY KEY (`id`);

--
-- Indeksy dla tabeli `jobs`
--
ALTER TABLE `jobs`
  ADD PRIMARY KEY (`id`);

--
-- Indeksy dla tabeli `months`
--
ALTER TABLE `months`
  ADD PRIMARY KEY (`id`);

--
-- Indeksy dla tabeli `movies`
--
ALTER TABLE `movies`
  ADD PRIMARY KEY (`id`);

--
-- Indeksy dla tabeli `movie_genres`
--
ALTER TABLE `movie_genres`
  ADD PRIMARY KEY (`id`),
  ADD KEY `movie_id` (`movie_id`),
  ADD KEY `genre_id` (`genre_id`);

--
-- Indeksy dla tabeli `seances`
--
ALTER TABLE `seances`
  ADD PRIMARY KEY (`id`),
  ADD KEY `cinema_room_id` (`cinema_room_id`),
  ADD KEY `movie_id` (`movie_id`);

--
-- Indeksy dla tabeli `tickets`
--
ALTER TABLE `tickets`
  ADD PRIMARY KEY (`seance_id`,`seat_number`),
  ADD KEY `client_id` (`client_id`),
  ADD KEY `seance_id` (`seance_id`),
  ADD KEY `ticket_type_id` (`ticket_type_id`),
  ADD KEY `seat_number` (`seat_number`);

--
-- Indeksy dla tabeli `ticket_types`
--
ALTER TABLE `ticket_types`
  ADD PRIMARY KEY (`id`);

--
-- AUTO_INCREMENT for dumped tables
--

--
-- AUTO_INCREMENT dla tabeli `cinema_rooms`
--
ALTER TABLE `cinema_rooms`
  MODIFY `id` int(11) NOT NULL AUTO_INCREMENT, AUTO_INCREMENT=35;

--
-- AUTO_INCREMENT dla tabeli `clients`
--
ALTER TABLE `clients`
  MODIFY `id` int(11) NOT NULL AUTO_INCREMENT, AUTO_INCREMENT=109;

--
-- AUTO_INCREMENT dla tabeli `departments`
--
ALTER TABLE `departments`
  MODIFY `id` int(11) NOT NULL AUTO_INCREMENT, AUTO_INCREMENT=15;

--
-- AUTO_INCREMENT dla tabeli `employees`
--
ALTER TABLE `employees`
  MODIFY `id` int(11) NOT NULL AUTO_INCREMENT, AUTO_INCREMENT=116;

--
-- AUTO_INCREMENT dla tabeli `genres`
--
ALTER TABLE `genres`
  MODIFY `id` int(11) NOT NULL AUTO_INCREMENT, AUTO_INCREMENT=11;

--
-- AUTO_INCREMENT dla tabeli `jobs`
--
ALTER TABLE `jobs`
  MODIFY `id` int(11) NOT NULL AUTO_INCREMENT, AUTO_INCREMENT=7;

--
-- AUTO_INCREMENT dla tabeli `months`
--
ALTER TABLE `months`
  MODIFY `id` int(11) NOT NULL AUTO_INCREMENT, AUTO_INCREMENT=13;

--
-- AUTO_INCREMENT dla tabeli `movies`
--
ALTER TABLE `movies`
  MODIFY `id` int(11) NOT NULL AUTO_INCREMENT, AUTO_INCREMENT=28;

--
-- AUTO_INCREMENT dla tabeli `movie_genres`
--
ALTER TABLE `movie_genres`
  MODIFY `id` int(11) NOT NULL AUTO_INCREMENT, AUTO_INCREMENT=36;

--
-- AUTO_INCREMENT dla tabeli `seances`
--
ALTER TABLE `seances`
  MODIFY `id` int(11) NOT NULL AUTO_INCREMENT, AUTO_INCREMENT=105;

--
-- AUTO_INCREMENT dla tabeli `ticket_types`
--
ALTER TABLE `ticket_types`
  MODIFY `id` int(11) NOT NULL AUTO_INCREMENT, AUTO_INCREMENT=4;

--
-- Ograniczenia dla zrzutów tabel
--

--
-- Ograniczenia dla tabeli `cinema_rooms`
--
ALTER TABLE `cinema_rooms`
  ADD CONSTRAINT `cinema_rooms_ibfk_1` FOREIGN KEY (`department_id`) REFERENCES `departments` (`id`) ON UPDATE CASCADE;

--
-- Ograniczenia dla tabeli `employees`
--
ALTER TABLE `employees`
  ADD CONSTRAINT `employees_ibfk_2` FOREIGN KEY (`department_id`) REFERENCES `departments` (`id`) ON UPDATE CASCADE,
  ADD CONSTRAINT `employees_ibfk_3` FOREIGN KEY (`job_id`) REFERENCES `jobs` (`id`) ON UPDATE CASCADE;

--
-- Ograniczenia dla tabeli `movie_genres`
--
ALTER TABLE `movie_genres`
  ADD CONSTRAINT `movie_genres_ibfk_1` FOREIGN KEY (`movie_id`) REFERENCES `movies` (`id`) ON UPDATE CASCADE,
  ADD CONSTRAINT `movie_genres_ibfk_2` FOREIGN KEY (`genre_id`) REFERENCES `genres` (`id`) ON UPDATE CASCADE;

--
-- Ograniczenia dla tabeli `seances`
--
ALTER TABLE `seances`
  ADD CONSTRAINT `seances_ibfk_1` FOREIGN KEY (`cinema_room_id`) REFERENCES `cinema_rooms` (`id`) ON UPDATE CASCADE,
  ADD CONSTRAINT `seances_ibfk_2` FOREIGN KEY (`movie_id`) REFERENCES `movies` (`id`) ON UPDATE CASCADE;

--
-- Ograniczenia dla tabeli `tickets`
--
ALTER TABLE `tickets`
  ADD CONSTRAINT `tickets_ibfk_1` FOREIGN KEY (`client_id`) REFERENCES `clients` (`id`) ON UPDATE CASCADE,
  ADD CONSTRAINT `tickets_ibfk_3` FOREIGN KEY (`seance_id`) REFERENCES `seances` (`id`) ON UPDATE CASCADE,
  ADD CONSTRAINT `tickets_ibfk_4` FOREIGN KEY (`ticket_type_id`) REFERENCES `ticket_types` (`id`) ON UPDATE CASCADE;
COMMIT;

/*!40101 SET CHARACTER_SET_CLIENT=@OLD_CHARACTER_SET_CLIENT */;
/*!40101 SET CHARACTER_SET_RESULTS=@OLD_CHARACTER_SET_RESULTS */;
/*!40101 SET COLLATION_CONNECTION=@OLD_COLLATION_CONNECTION */;
